"id";"tree_id";"parent_id";"goal";"participant";"timestamp"
1;1;0;"Austausch mit Kommilitonen ";1;"2020-06-28 12:40:06.983205+00:00"
2;1;1;"Gespräche über Studium ";1;"2020-06-28 12:40:06.986338+00:00"
3;1;1;"Lerngruppen";1;"2020-06-28 12:40:06.989304+00:00"
4;1;2;"Andere Studiengänge ";1;"2020-06-28 12:40:06.992285+00:00"
5;1;2;"Inter CogSci";1;"2020-06-28 12:40:06.995291+00:00"
6;1;3;"Gründen";1;"2020-06-28 12:40:06.998341+00:00"
7;1;3;"Finden";1;"2020-06-28 12:40:07.001301+00:00"
8;1;6;"Gleichgesinnte finden ";1;"2020-06-28 12:40:07.004242+00:00"
9;1;6;"Schwerpunkt finden";1;"2020-06-28 12:40:07.007270+00:00"
10;1;7;"Stud.IP";1;"2020-06-28 12:40:07.010270+00:00"
11;1;7;"Leute fragen";1;"2020-06-28 12:40:07.013290+00:00"
12;1;8;"Leute fragen";1;"2020-06-28 12:40:07.016234+00:00"
13;1;8;"Stud.IP (Antrag stellen)";1;"2020-06-28 12:40:07.019197+00:00"
14;1;9;"Problemerkennung";1;"2020-06-28 12:40:07.022213+00:00"
15;2;0;"Zeitmanagement";1;"2020-06-28 12:40:07.025200+00:00"
16;2;15;"Anwendungssysteme";1;"2020-06-28 12:40:07.028184+00:00"
17;2;15;"Priorisieren";1;"2020-06-28 12:40:07.031145+00:00"
18;2;16;"Sinnvolle Belohnungen";1;"2020-06-28 12:40:07.034118+00:00"
19;2;17;"Informieren ";1;"2020-06-28 12:40:07.037064+00:00"
20;2;17;"Zeiteinteilung (pro Aktivität)";1;"2020-06-28 12:40:07.039996+00:00"
21;2;19;"Internet";1;"2020-06-28 12:40:07.042952+00:00"
22;2;19;"Leute fragen";1;"2020-06-28 12:40:07.045931+00:00"
23;2;20;"Wie viel Zeit brauche ich um mein Ziel zu erreichen?";1;"2020-06-28 12:40:07.049043+00:00"
24;3;0;"Karriereziel finden";2;"2020-06-28 12:40:07.052571+00:00"
25;3;24;"Karriereoptionen evaluieren";2;"2020-06-28 12:40:07.055554+00:00"
26;3;25;"Karriere: Optionen finden";2;"2020-06-28 12:40:07.058497+00:00"
27;3;25;"Priorisierungssystem finden";2;"2020-06-28 12:40:07.061407+00:00"
28;3;25;"Praktika/HiWi-Job";2;"2020-06-28 12:40:07.064288+00:00"
29;3;26;"Vorlesungsinhalte/Studienbereiche aufschreiben";2;"2020-06-28 12:40:07.067199+00:00"
30;3;26;"Erfahrungsberichte finden/erfragen";2;"2020-06-28 12:40:07.070211+00:00"
31;3;26;"Internetrecherche";2;"2020-06-28 12:40:07.073103+00:00"
32;3;27;"Eigene Werte klar kriegen";2;"2020-06-28 12:40:07.076066+00:00"
33;4;0;"Karriereziel erreichen";2;"2020-06-28 12:40:07.079005+00:00"
34;4;33;"Qualifikationen erreichen";2;"2020-06-28 12:40:07.081941+00:00"
35;4;33;"Bewerbung";2;"2020-06-28 12:40:07.084855+00:00"
36;4;34;"Studienabschluss erreichen";2;"2020-06-28 12:40:07.087809+00:00"
37;4;34;"Zusatzqualifikationen aneignen ";2;"2020-06-28 12:40:07.091104+00:00"
38;4;35;"Bewerbungsunterlagen vorbereiten";2;"2020-06-28 12:40:07.095521+00:00"
39;4;35;"Vorstellungsgespräch vorbereiten";2;"2020-06-28 12:40:07.098808+00:00"
40;4;36;"Relevante Kurse belegen und bestehen";2;"2020-06-28 12:40:07.101818+00:00"
41;4;36;"Studienarbeit finden und schreiben und bestehen";2;"2020-06-28 12:40:07.104788+00:00"
42;4;37;"Softskills: Teamarbeit, Management, Präsentieren";2;"2020-06-28 12:40:07.107912+00:00"
43;4;37;"Hinführende Jobs ausüben";2;"2020-06-28 12:40:07.110971+00:00"
44;4;37;"Praktika";2;"2020-06-28 12:40:07.114049+00:00"
45;4;42;"Weiterbildungskurse an der Uni";2;"2020-06-28 12:40:07.116958+00:00"
46;5;0;"HiWi-Job finden";2;"2020-06-28 12:40:07.119951+00:00"
47;5;46;"Bewerbung";2;"2020-06-28 12:40:07.122883+00:00"
48;5;46;"Interessensgebiete festlegen";2;"2020-06-28 12:40:07.125857+00:00"
49;5;46;"Offene Stellen finden";2;"2020-06-28 12:40:07.128794+00:00"
219;17;0;"asdfasdf";12;"2020-06-28 12:40:52.498722+00:00"
224;20;223;"asdf";12;"2020-06-28 12:41:10.481904+00:00"
229;21;228;"Prof anrufen";13;"2020-07-01 16:27:49.682480+00:00"
234;21;227;"regelmäßg schreiben";13;"2020-07-01 16:32:41.108319+00:00"
239;25;0;"Mein Studienziel";14;"2020-07-03 15:12:29.225107+00:00"
244;27;241;"Gute Entlohnung";15;"2020-07-03 15:18:16.179044+00:00"
249;30;0;"Mein Studienziel";15;"2020-07-03 15:19:07.345878+00:00"
254;31;250;"Semester 4";16;"2020-07-03 15:30:27.417141+00:00"
259;31;252;"Rechtzeitig anfangen zu lernen ";16;"2020-07-03 15:32:52.444463+00:00"
264;31;252;"Lerngruppen bilden";16;"2020-07-03 15:34:43.608065+00:00"
269;32;0;"Mein Studienziel";16;"2020-07-03 15:36:13.891276+00:00"
274;33;272;"Interessante Bereiche finden ";16;"2020-07-03 15:38:04.413646+00:00"
279;34;277;"Promotionsstelle gefunden ";16;"2020-07-03 15:40:04.806220+00:00"
283;35;281;"Studienstadt festlegen ";18;"2020-07-03 16:10:01.522534+00:00"
293;36;291;"Kolloquium ";19;"2020-07-03 16:36:09.069552+00:00"
288;36;286;"Präsentationen  halten ";19;"2020-07-03 16:32:31.976675+00:00"
298;40;297;"Job finden";20;"2020-07-03 16:57:08.888175+00:00"
50;5;47;"Lebenslauf und Anschreiben";2;"2020-06-28 12:40:07.131770+00:00"
51;5;49;"Zeugnisse und Zertifikate sammeln";2;"2020-06-28 12:40:07.134842+00:00"
52;5;49;"Institutionsseiten abklappern";2;"2020-06-28 12:40:07.137777+00:00"
53;5;49;"Professoren fragen";2;"2020-06-28 12:40:07.140767+00:00"
54;5;49;"Uni-Einrichtungen abklappern";2;"2020-06-28 12:40:07.143733+00:00"
55;6;0;"Struktur";4;"2020-06-28 12:40:07.147767+00:00"
56;6;55;"Zeitmanagement";4;"2020-06-28 12:40:07.150685+00:00"
57;6;55;"Bereiche";4;"2020-06-28 12:40:07.153504+00:00"
58;6;56;"Übersichtsplan (bspw. To-Do Listen, Mind-Maps)";4;"2020-06-28 12:40:07.156253+00:00"
59;6;57;"Studium";4;"2020-06-28 12:40:07.159091+00:00"
60;6;57;"Privat";4;"2020-06-28 12:40:07.161876+00:00"
61;6;58;"Zielformulierung in Hierarchien ";4;"2020-06-28 12:40:07.164653+00:00"
62;6;58;"Schreiben von Tages To-Do's";4;"2020-06-28 12:40:07.167471+00:00"
63;6;58;"Regelmäßige Reflektion der Ziele/Herangehensweise";4;"2020-06-28 12:40:07.170297+00:00"
64;6;59;"Prüfungsvorbereitung Vorlesungs-/Seminarvorbereitung";4;"2020-06-28 12:40:07.173126+00:00"
65;6;59;"Klare Abgrenzung zwischen Studienzeit und privater Zeit";4;"2020-06-28 12:40:07.175938+00:00"
66;6;62;"Feste ""Verabredung""/Zeiten blocken";4;"2020-06-28 12:40:07.178760+00:00"
67;6;63;"Wie? Belohnungsstrategien entwickeln";4;"2020-06-28 12:40:07.181563+00:00"
68;6;64;"Regelmäßige Beschäftigung mit Kursmaterialien";4;"2020-06-28 12:40:07.184321+00:00"
69;6;64;"Austausch mit Anderen";4;"2020-06-28 12:40:07.187142+00:00"
70;6;65;"Zeitmanagement von Uni-Zielen und privaten Zielen";4;"2020-06-28 12:40:07.189892+00:00"
71;6;69;"Lerngruppen, Diskussionsgruppen";4;"2020-06-28 12:40:07.192663+00:00"
72;7;0;"Klimaneutralität";5;"2020-06-28 12:40:07.195971+00:00"
73;7;72;"Spenden/Unterstützung";5;"2020-06-28 12:40:07.198897+00:00"
74;7;72;"Klimafreundliche Ernährung ";5;"2020-06-28 12:40:07.201717+00:00"
75;7;72;"Konsum schmälern";5;"2020-06-28 12:40:07.204474+00:00"
76;7;73;"Informieren meines sozialen Umkreises";5;"2020-06-28 12:40:07.207228+00:00"
77;7;73;"Unweltorganisation (Atmosfair) unterstützen ";5;"2020-06-28 12:40:07.211788+00:00"
78;7;73;"Müllsammelaktionen organisieren";5;"2020-06-28 12:40:07.215097+00:00"
79;7;73;"Demonstrieren";5;"2020-06-28 12:40:07.218428+00:00"
80;7;74;"Recherche von verschiedenen Quellen";5;"2020-06-28 12:40:07.221533+00:00"
81;7;75;"Effektiver Verbrauch";5;"2020-06-28 12:40:07.224667+00:00"
82;7;75;"Marktangebot lokalisieren (EU-weit)";5;"2020-06-28 12:40:07.227810+00:00"
83;7;75;"Konsumverhalten überprüfen";5;"2020-06-28 12:40:07.230949+00:00"
84;7;81;"Nicht übertreiben, angemessene Mengen nutzen";5;"2020-06-28 12:40:07.234102+00:00"
85;7;81;"Ungebrauchtes weitergeben";5;"2020-06-28 12:40:07.237231+00:00"
86;7;82;"Internetrecherche";5;"2020-06-28 12:40:07.240422+00:00"
87;7;83;"Unweltfreundlichere Alternativen finden";5;"2020-06-28 12:40:07.243516+00:00"
88;7;83;"Müllproduzenten auf Notwendigkeit überprüfen";5;"2020-06-28 12:40:07.246608+00:00"
89;8;0;"To-Do Liste";6;"2020-06-28 12:40:07.250325+00:00"
90;8;89;"Große Aufgaben in Teilschritte einteilen";6;"2020-06-28 12:40:07.253452+00:00"
91;8;89;"Prioritäten setzen in To-Do Liste";6;"2020-06-28 12:40:07.256495+00:00"
92;8;89;"Belohnungssystem (Bestrafungs-?)";6;"2020-06-28 12:40:07.259544+00:00"
93;8;90;"To-Do Liste mit ungefähren Zeitangaben ";6;"2020-06-28 12:40:07.262627+00:00"
94;8;90;"To-Do Liste tageweise (morgens erstellen)";6;"2020-06-28 12:40:07.266119+00:00"
220;17;219;"asdfsdaf";12;"2020-06-28 12:40:57.477527+00:00"
225;21;0;"Bachelor fertig machen";13;"2020-07-01 16:25:50.721354+00:00"
230;21;227;"Arbeitsplan erstellen";13;"2020-07-01 16:28:15.160804+00:00"
235;22;0;"Mein Studienziel";13;"2020-07-01 16:32:44.499263+00:00"
240;26;0;"Mein Studienziel";14;"2020-07-03 15:12:30.606197+00:00"
245;27;243;"Freundliche Kollegen ";15;"2020-07-03 15:18:30.634180+00:00"
250;31;0;"Master mit 2.5 oder besser ";16;"2020-07-03 15:29:05.971237+00:00"
255;31;251;"Nicht Bestandes Modul wiederholen ";16;"2020-07-03 15:31:06.382784+00:00"
260;31;254;"Masterarbeit";16;"2020-07-03 15:33:09.604502+00:00"
265;31;252;"Alle offenen Fragen klären ";16;"2020-07-03 15:34:59.830152+00:00"
270;33;0;"Promotion";16;"2020-07-03 15:36:29.090642+00:00"
275;33;272;"Wunschort im betracht ziehen ";16;"2020-07-03 15:38:43.985361+00:00"
284;35;283;"Informationen über Unis einholen";18;"2020-07-03 16:11:25.884070+00:00"
289;36;287;"Vorlesungen nacharbeiten ";19;"2020-07-03 16:33:30.470776+00:00"
294;37;0;"Mein Studienziel";19;"2020-07-03 16:36:43.917149+00:00"
299;40;298;"Master Studium abschließen";20;"2020-07-03 16:58:01.907161+00:00"
95;8;91;"Einteilung in ""dringend"" und ""nötig""";6;"2020-06-28 12:40:07.269283+00:00"
96;8;92;"Erst die Arbeit, dann das Vergnügen";6;"2020-06-28 12:40:07.272396+00:00"
97;8;92;"Recherche";6;"2020-06-28 12:40:07.275562+00:00"
98;8;92;"Rechenschaft gegenüber Freund";6;"2020-06-28 12:40:07.278728+00:00"
99;9;0;"Besseres Zeitmanagement";6;"2020-06-28 12:40:07.281809+00:00"
100;9;99;"Nicht sinnlos prokrastinieren";6;"2020-06-28 12:40:07.284838+00:00"
101;9;99;"Konkreter Zeitrahmen für Arbeit";6;"2020-06-28 12:40:07.287874+00:00"
102;9;100;"""Sinnvoll"" prokrastinieren";6;"2020-06-28 12:40:07.290955+00:00"
103;9;100;"Bewusste Auszeiten nehmen";6;"2020-06-28 12:40:07.294034+00:00"
104;9;101;"Wochenenden einbeziehen";6;"2020-06-28 12:40:07.297137+00:00"
105;9;101;"Kleine Zeiträume nutzen";6;"2020-06-28 12:40:07.300286+00:00"
106;10;0;"Bachelorabschluss";7;"2020-06-28 12:40:07.304160+00:00"
107;10;106;"Pflichtmodule";7;"2020-06-28 12:40:07.307169+00:00"
108;10;106;"VP-Stunden ableisten";7;"2020-06-28 12:40:07.310705+00:00"
109;10;106;"Auslandssemester";7;"2020-06-28 12:40:07.314062+00:00"
110;10;106;"Bachelorarbeit";7;"2020-06-28 12:40:07.317622+00:00"
111;10;107;"Prüfungsordnung lesen, Semester strukturieren (für Module eintragen!)";7;"2020-06-28 12:40:07.320923+00:00"
112;10;108;"Verfolgen (Mails)";7;"2020-06-28 12:40:07.324077+00:00"
113;10;109;"Informieren: International Office, Broschüren, Vorträge, Gedanken machen (jetzt anfangen!)";7;"2020-06-28 12:40:07.327421+00:00"
114;10;109;"Finanzierung (Stipendien,...)";7;"2020-06-28 12:40:07.330595+00:00"
115;10;110;"Bereich aussuchen (~Jahr vorher), Betreuer aussuchen, Anmeldung beim Prüfungsamt";7;"2020-06-28 12:40:07.333701+00:00"
116;10;111;"Eventuell Erinnerungsalarme für Eintragen in Module (wann ist welches Modul?)";7;"2020-06-28 12:40:07.336896+00:00"
117;11;0;"Spanndende Themen finden";7;"2020-06-28 12:40:07.339950+00:00"
118;11;117;"Quellen";7;"2020-06-28 12:40:07.343029+00:00"
119;11;117;"Herangehensweise";7;"2020-06-28 12:40:07.346120+00:00"
120;11;118;"Pflichtmodule machen, um herauszufinden was mir am meisten Spaß macht";7;"2020-06-28 12:40:07.349188+00:00"
121;11;118;"Erfahrungsberichte einholen";7;"2020-06-28 12:40:07.352182+00:00"
122;11;118;"Bücher/Artikel über die Bereiche lesen, Videos gucken, Vorträge anhören";7;"2020-06-28 12:40:07.355237+00:00"
123;11;119;"Priorisierungssystem";7;"2020-06-28 12:40:07.358356+00:00"
124;11;119;"Abstand gewinnen, reflektieren ob z.B. nur Stress oder ""wirkliche Abneigung""";7;"2020-06-28 12:40:07.361485+00:00"
125;11;119;"Praktische Anwendungen miteinbeziehen (bspw. durch Praktika, Einblicke in Berufsfelder, usw.)";7;"2020-06-28 12:40:07.364516+00:00"
126;11;125;"Regelmäßig über mögliche Angebote informieren";7;"2020-06-28 12:40:07.367552+00:00"
127;11;125;"Bewerbungsunterlagen vorbereiten";7;"2020-06-28 12:40:07.370569+00:00"
128;12;0;"Programmieren";8;"2020-06-28 12:40:07.374208+00:00"
129;12;128;"Übungsbedingungen für DP schaffen (DP=Deliberate Practice)";8;"2020-06-28 12:40:07.377281+00:00"
130;12;128;"Ausreichend üben";8;"2020-06-28 12:40:07.380431+00:00"
131;12;128;"Teilfähigkeiten bestimmen";8;"2020-06-28 12:40:07.383474+00:00"
132;12;129;"Teilfähigkeiten auch üben";8;"2020-06-28 12:40:07.386524+00:00"
133;12;129;"Für schnelles Feedback beim Üben sorgen";8;"2020-06-28 12:40:07.389554+00:00"
134;12;129;"Beim Üben auf das konzentrieren, was am schwierigsten ist";8;"2020-06-28 12:40:07.392591+00:00"
135;12;130;"Üben angenehm machen: (auch) Aufgaben finden, die Spaß machen";8;"2020-06-28 12:40:07.395683+00:00"
221;18;0;"fasdf";12;"2020-06-28 12:40:58.513629+00:00"
226;21;225;"VP Stunden machen";13;"2020-07-01 16:26:22.525249+00:00"
231;21;225;"Transcript of Records abgeben";13;"2020-07-01 16:29:18.572290+00:00"
236;23;0;"erfolgreicher Abschluss";14;"2020-07-03 15:11:26.148213+00:00"
241;27;0;"Glück";15;"2020-07-03 15:17:24.807126+00:00"
246;27;242;"Spannende arbeit";15;"2020-07-03 15:18:53.187203+00:00"
251;31;250;"Semester 1 ";16;"2020-07-03 15:30:02.954431+00:00"
256;31;255;"Gemeinsam lernen";16;"2020-07-03 15:31:31.467794+00:00"
261;31;254;"Kolloquium ";16;"2020-07-03 15:33:18.311137+00:00"
266;31;253;"Rechtzeitig anfangen zu lernen ";16;"2020-07-03 15:35:18.003036+00:00"
271;33;270;"Master mit 2.5 oder besser ";16;"2020-07-03 15:36:47.505867+00:00"
276;33;271;"Siehe Zielbaum 1";16;"2020-07-03 15:39:03.797315+00:00"
280;34;277;"Geld gespart ";16;"2020-07-03 15:40:55.381959+00:00"
285;35;282;"über Teilzeitstudium / berufsbegleitendes Studium informieren ";18;"2020-07-03 16:12:24.889427+00:00"
290;36;287;"Zusätzliche Literatur bearbeiten ";19;"2020-07-03 16:34:00.533330+00:00"
295;38;0;"Mein Studienziel";19;"2020-07-03 16:36:50.014907+00:00"
300;40;298;"Master gut bestehen";20;"2020-07-03 16:58:31.850903+00:00"
136;12;130;"Feste Zeiten fürs Üben bestimmten/Tagespensum ";8;"2020-06-28 12:40:07.398740+00:00"
137;12;130;"Anreize setzen, bspw. Wette um Geld";8;"2020-06-28 12:40:07.401915+00:00"
138;12;131;"Experten befragen";8;"2020-06-28 12:40:07.404949+00:00"
139;12;133;"Lernsoftware oder Lehrer suchen";8;"2020-06-28 12:40:07.407964+00:00"
140;12;136;"To-Do Liste als grobe Vorgabe zur Tagesplanung";8;"2020-06-28 12:40:07.411009+00:00"
141;12;137;"Erinnerungen an die Wichtigkeit des Ziels in die Wohnung hängen";8;"2020-06-28 12:40:07.414113+00:00"
142;12;138;"Coding Lehrer/Informatik Studenten";8;"2020-06-28 12:40:07.417164+00:00"
143;12;138;"In Foren (Beddit etc.)";8;"2020-06-28 12:40:07.420193+00:00"
144;12;139;"Uni-/VHS-Kurse ";8;"2020-06-28 12:40:07.423206+00:00"
145;12;139;"Codecademy";8;"2020-06-28 12:40:07.426253+00:00"
146;13;0;"Guter BA Abschluss";9;"2020-06-28 12:40:07.429940+00:00"
147;13;146;"Pflichtmodule";9;"2020-06-28 12:40:07.432931+00:00"
148;13;146;"Wahlpflichtmodule";9;"2020-06-28 12:40:07.435962+00:00"
149;13;146;"VP-Stunden";9;"2020-06-28 12:40:07.439150+00:00"
150;13;146;"Auslandssemester";9;"2020-06-28 12:40:07.442200+00:00"
151;13;146;"Bachelorarbeit";9;"2020-06-28 12:40:07.445250+00:00"
152;13;147;"Rechtzeitig Prüfungsordnung angucken, Wochenplan erstellen und Erinnerungen zum Anmelden erstellen";9;"2020-06-28 12:40:07.448322+00:00"
153;13;147;"Vorlesungen, Hausarbeiten, Vorbereitung auf die Klausur, Klausur";9;"2020-06-28 12:40:07.451360+00:00"
154;13;148;"Vorlesungen, Hausarbeiten, Vorbereitung auf die Klausur, Klausur";9;"2020-06-28 12:40:07.454406+00:00"
155;13;148;"Rechtzeitig Prüfungsordnung angucken, Prioritätenliste erstellen, in den Wochenplan einfügen, Erinnerung zum Anmelden erstellen";9;"2020-06-28 12:40:07.457455+00:00"
156;13;149;"Falls nötig vor Ende des 2. Semesters alle 10 VP-Stunden sammeln";9;"2020-06-28 12:40:07.460499+00:00"
157;13;149;"Mailingliste im Blick behalten und bei (interessanten) Projekten falls möglich teilnehmen";9;"2020-06-28 12:40:07.463619+00:00"
158;13;150;"Frühzeitig informieren/Informationsveranstaltungen besuchen und eventuell benötigte Zusatzanforderungen der verschiedenen Länder berücksichtigen";9;"2020-06-28 12:40:07.466648+00:00"
159;13;150;"Bewerbung vorbereiten, bei Unis oder Firmen abgeben, Finanzen und Unterkunft klären";9;"2020-06-28 12:40:07.469699+00:00"
160;13;151;"Nach dem Auslandssemester Fach und Prüfer aussuchen und anfangen, Thema aussuchen und abklären";9;"2020-06-28 12:40:07.472803+00:00"
161;13;151;"Bachelorarbeit schreiben";9;"2020-06-28 12:40:07.475844+00:00"
162;14;0;"Stärkung der schwächeren Fächer";9;"2020-06-28 12:40:07.478956+00:00"
163;14;162;"In der Vorbereitung der Vorlesungen";9;"2020-06-28 12:40:07.482012+00:00"
164;14;162;"Aufpassen in der Vorlesung";9;"2020-06-28 12:40:07.485190+00:00"
165;14;163;"Zeit zum Vorbereiten";9;"2020-06-28 12:40:07.488205+00:00"
166;14;163;"Lesen des Skripts der letzten Vorlesung";9;"2020-06-28 12:40:07.491227+00:00"
167;14;164;"Nicht abklenken, falls es langweilig ";9;"2020-06-28 12:40:07.494295+00:00"
168;14;164;"Motivation aufzupassen, da das Fach wichtig ist, um Entwicklung näher zu kommen (Handyerinnerung)";9;"2020-06-28 12:40:07.497387+00:00"
169;14;165;"Einrichten eines festen Termins, Erinnerung (Handy) (Vormittags)";9;"2020-06-28 12:40:07.500486+00:00"
170;14;167;"Handy-/Computerspiele in der Vorlesung nicht benutzen";9;"2020-06-28 12:40:07.503549+00:00"
171;15;0;"MfA1 bestehen (Klausur)";10;"2020-06-28 12:40:07.507216+00:00"
172;15;171;"Vorbereitung";10;"2020-06-28 12:40:07.510254+00:00"
173;15;172;"Aufgabenzettel wöchentlich rechnen";10;"2020-06-28 12:40:07.513686+00:00"
222;19;0;"asdf";12;"2020-06-28 12:41:02.460758+00:00"
227;21;225;"Bachelorarbeit schreiben";13;"2020-07-01 16:26:43.117211+00:00"
232;21;231;"Transcript of Records fertigstellen";13;"2020-07-01 16:29:28.197560+00:00"
237;23;236;"Hürden nehmen, kleinere (größere) Krisen überstehen, sowohl Privat als auch Klausuren";14;"2020-07-03 15:12:16.258805+00:00"
242;27;241;"Zufriedenheit ";15;"2020-07-03 15:17:46.144143+00:00"
247;28;0;"Mein Studienziel";15;"2020-07-03 15:18:56.704647+00:00"
252;31;250;"Semester 2";16;"2020-07-03 15:30:12.496419+00:00"
257;31;255;"Altklausuren rechnen ";16;"2020-07-03 15:31:50.556340+00:00"
262;31;253;"Vorlesung und Übung besuchen ";16;"2020-07-03 15:33:46.777262+00:00"
267;31;253;"Lerngruppen bilden";16;"2020-07-03 15:35:38.171047+00:00"
272;33;270;"Stelle finden ";16;"2020-07-03 15:37:12.481051+00:00"
277;34;0;"2021 ins Ausland für ein paar Monate";16;"2020-07-03 15:39:12.986075+00:00"
281;35;0;"2. Masterabschluss machen ";18;"2020-07-03 16:09:15.022135+00:00"
286;36;0;"Abschluss ";19;"2020-07-03 16:31:38.072876+00:00"
291;36;286;"Masterarbeit";19;"2020-07-03 16:34:23.805758+00:00"
296;39;0;"Mein Studienziel";19;"2020-07-03 16:36:54.845093+00:00"
174;15;172;"Februar und März (neben einer anderer Hausarbeit) lernen";10;"2020-06-28 12:40:07.516698+00:00"
175;15;172;"Nachhilfe ";10;"2020-06-28 12:40:07.519769+00:00"
176;15;173;"Vorlesungen nacharbeiten";10;"2020-06-28 12:40:07.522813+00:00"
177;15;173;"Tipps im Tutorium holen, wie Aufgaben zu rechnen sind ";10;"2020-06-28 12:40:07.525965+00:00"
178;15;173;"Selbstständig rechnen und gegebenenfalls Lerngruppe bilden";10;"2020-06-28 12:40:07.529037+00:00"
179;15;173;"Nach Übung reflektieren: Was mit Nachhilfe rechnen?";10;"2020-06-28 12:40:07.532022+00:00"
180;15;173;"Plan mit konkreten Aufgaben für die Nachhilfe erstellen";10;"2020-06-28 12:40:07.535018+00:00"
181;15;174;"Zeitplan erstellen (realistisch)";10;"2020-06-28 12:40:07.538039+00:00"
182;15;174;"Aufgaben rechnen, einige Aufgaben sicher rechnen können";10;"2020-06-28 12:40:07.540984+00:00"
183;15;175;"Gegebenenfalls neue Nachhilfe organisieren";10;"2020-06-28 12:40:07.544001+00:00"
184;15;181;"Mit Aurelia (oder anderer Nachhilfe) absprechen was wichtig ist zu lernen (Zeitplan)";10;"2020-06-28 12:40:07.547063+00:00"
185;15;182;"Altklausuren besorgen und rechnen";10;"2020-06-28 12:40:07.550148+00:00"
186;15;182;"Definitionen auswendig lernen";10;"2020-06-28 12:40:07.553205+00:00"
187;15;182;"*-Aufgaben auswendig lernen";10;"2020-06-28 12:40:07.556285+00:00"
188;15;185;"Coxileaks?";10;"2020-06-28 12:40:07.559335+00:00"
189;15;186;"Karteikarten schreiben";10;"2020-06-28 12:40:07.562383+00:00"
190;15;187;"Läsungen der *-Aufgaben finden";10;"2020-06-28 12:40:07.565419+00:00"
191;16;0;"Modulprüfung";11;"2020-06-28 12:40:07.569072+00:00"
192;16;191;"Termin festlegen";11;"2020-06-28 12:40:07.572057+00:00"
193;16;191;"Vorbereitung/Lernen";11;"2020-06-28 12:40:07.575109+00:00"
194;16;192;"Professor/in ansprechen";11;"2020-06-28 12:40:07.578221+00:00"
195;16;193;"Kurse des Moduls abschließen";11;"2020-06-28 12:40:07.581255+00:00"
196;16;194;"Nach Details fragen (Aufbau der Prüfung, Themenbereiche,...)";11;"2020-06-28 12:40:07.584319+00:00"
197;16;194;"Ansprechpartner finden";11;"2020-06-28 12:40:07.587353+00:00"
198;16;195;"Klausur(-en) bestehen";11;"2020-06-28 12:40:07.590422+00:00"
199;16;195;"Voraussetzungen erfüllen";11;"2020-06-28 12:40:07.593438+00:00"
200;16;197;"Modul aussuchen";11;"2020-06-28 12:40:07.596433+00:00"
201;16;198;"Für Klausuren lernen";11;"2020-06-28 12:40:07.599459+00:00"
202;16;200;"Kriterien für Suche festlegen";11;"2020-06-28 12:40:07.602471+00:00"
203;16;202;"Mit Anderen austauschen (Erfahrungsberichte)";11;"2020-06-28 12:40:07.605484+00:00"
204;0;0;"Ein gutes Abitur erreichen";0;"2020-06-28 12:40:07.609145+00:00"
205;0;204;"Module Q1 und Q2 ";0;"2020-06-28 12:40:07.612170+00:00"
206;0;205;"Hausaufgaben erledigen";0;"2020-06-28 12:40:07.615189+00:00"
207;0;205;"Prüfungsfächer auswählen";0;"2020-06-28 12:40:07.618208+00:00"
208;0;205;"Klausuren bestehen";0;"2020-06-28 12:40:07.621194+00:00"
209;0;204;"Abi-Prüfungen gut bestehen";0;"2020-06-28 12:40:07.624191+00:00"
210;0;209;"Zusammenfassungen schreiben";0;"2020-06-28 12:40:07.627241+00:00"
211;0;209;"Lerngruppe bilden";0;"2020-06-28 12:40:07.630394+00:00"
212;0;209;"Nachhilfe nehmen";0;"2020-06-28 12:40:07.633479+00:00"
213;0;209;"Lernmaterial beschaffen";0;"2020-06-28 12:40:07.636551+00:00"
214;0;213;"Bücher besorgen";0;"2020-06-28 12:40:07.639663+00:00"
215;0;213;"Austausch mit Mitschülern";0;"2020-06-28 12:40:07.642701+00:00"
216;0;209;"Lernplan erstellen";0;"2020-06-28 12:40:07.645687+00:00"
217;0;216;"Stundenplan sichten";0;"2020-06-28 12:40:07.648735+00:00"
218;0;216;"Eigene Leistungsfähigkeit beobachten ";0;"2020-06-28 12:40:07.651791+00:00"
223;20;0;"asdfasdf";12;"2020-06-28 12:41:06.842571+00:00"
233;21;227;"Recherchieren";13;"2020-07-01 16:30:17.993465+00:00"
228;21;227;"Thema finden";13;"2020-07-01 16:27:15.654081+00:00"
238;24;0;"Mein Studienziel";14;"2020-07-03 15:12:24.127239+00:00"
243;27;241;"Spaß bei der arbeit";15;"2020-07-03 15:18:00.943340+00:00"
248;29;0;"Mein Studienziel";15;"2020-07-03 15:19:05.178525+00:00"
253;31;250;"Semester 3";16;"2020-07-03 15:30:20.802054+00:00"
258;31;255;"Alle offenen Fragen klären ";16;"2020-07-03 15:32:13.957128+00:00"
263;31;253;"Vorbereitung und Nachbereitung von Vorlesung und Übung ";16;"2020-07-03 15:34:20.449231+00:00"
268;31;253;"Alle offenen Fragen klären ";16;"2020-07-03 15:36:00.430859+00:00"
273;33;272;"Rechtzeitig suchen ";16;"2020-07-03 15:37:35.167134+00:00"
278;34;277;"Master abgeschlossen ";16;"2020-07-03 15:39:43.860674+00:00"
282;35;281;"Studienfach festlegen ";18;"2020-07-03 16:09:51.482119+00:00"
287;36;286;"Module bestehen ";19;"2020-07-03 16:32:16.829728+00:00"
292;36;291;"Thema im Unternehmen finden (Unternehmen schon bekannt) ";19;"2020-07-03 16:34:57.244487+00:00"
297;40;0;"Gut bezahlter und gefallener Job";20;"2020-07-03 16:55:02.706069+00:00"
