;participant_id;goal_id;goal;tree_id;Depth;Content Specificity ;Time Specificity;Hierarchy - High Level;Hierarchy - Low Level;Network Congruence;Measurability;Approach/ Avoidance Framing;Process Focus;Outcome Focus;Immediate Actionability;Estimated Effort;Plannability;Controllability;Challenge;Defined Subgoals;Social Support;Informational Support;Instrumental Support;Financial Affordance;Visibility;Time Availability;Competence Adequacy;Self-Congruence;Value Congruence;Importance;Awareness;Vitality;Long-Term Utility;Short-Term Utility;Relative Utility;Self- Improvement Utility;Negative Utility;Content Specificity _gcq_1_reverse_corrected;Content Specificity _gcq_4_reverse_corrected;Time Specificity_gcq_8_reverse_corrected;Time Specificity_gcq_9_reverse_corrected;Hierarchy - High Level_gcq_10_reverse_corrected;Hierarchy - High Level_gcq_12_reverse_corrected;Hierarchy - Low Level_gcq_14_reverse_corrected;Hierarchy - Low Level_gcq_16_reverse_corrected;Network Congruence_gcq_18_reverse_corrected;Network Congruence_gcq_19_reverse_corrected;Measurability_gcq_21_reverse_corrected;Measurability_gcq_24_reverse_corrected;Approach/ Avoidance Framing_gcq_29_reverse_corrected;Approach/ Avoidance Framing_gcq_30_reverse_corrected;Process Focus_gcq_32_reverse_corrected;Process Focus_gcq_34_reverse_corrected;Outcome Focus_gcq_36_reverse_corrected;Outcome Focus_gcq_37_reverse_corrected;Immediate Actionability_gcq_38_reverse_corrected;Immediate Actionability_gcq_42_reverse_corrected;Estimated Effort_gcq_44_reverse_corrected;Estimated Effort_gcq_45_reverse_corrected;Plannability_gcq_46_reverse_corrected;Plannability_gcq_49_reverse_corrected;Controllability_gcq_51_reverse_corrected;Controllability_gcq_56_reverse_corrected;Challenge_gcq_59_reverse_corrected;Challenge_gcq_60_reverse_corrected;Defined Subgoals_gcq_62_reverse_corrected;Defined Subgoals_gcq_64_reverse_corrected;Social Support_gcq_66_reverse_corrected;Social Support_gcq_67_reverse_corrected;Informational Support_gcq_71_reverse_corrected;Informational Support_gcq_73_reverse_corrected;Instrumental Support_gcq_74_reverse_corrected;Instrumental Support_gcq_76_reverse_corrected;Financial Affordance_gcq_78_reverse_corrected;Financial Affordance_gcq_80_reverse_corrected;Visibility_gcq_83_reverse_corrected;Visibility_gcq_85_reverse_corrected;Time Availability_gcq_86_reverse_corrected;Time Availability_gcq_87_reverse_corrected;Competence Adequacy_gcq_90_reverse_corrected;Competence Adequacy_gcq_93_reverse_corrected;Self-Congruence_gcq_95_reverse_corrected;Self-Congruence_gcq_96_reverse_corrected;Value Congruence_gcq_99_reverse_corrected;Value Congruence_gcq_101_reverse_corrected;Importance_gcq_105_reverse_corrected;Importance_gcq_107_reverse_corrected;Awareness_gcq_109_reverse_corrected;Awareness_gcq_111_reverse_corrected;Vitality_gcq_112_reverse_corrected;Vitality_gcq_113_reverse_corrected;Long-Term Utility_gcq_116_reverse_corrected;Long-Term Utility_gcq_118_reverse_corrected;Short-Term Utility_gcq_119_reverse_corrected;Short-Term Utility_gcq_122_reverse_corrected;Relative Utility_gcq_124_reverse_corrected;Relative Utility_gcq_126_reverse_corrected;Self- Improvement Utility_gcq_129_reverse_corrected;Self- Improvement Utility_gcq_130_reverse_corrected;Negative Utility_gcq_132_reverse_corrected;Negative Utility_gcq_134_reverse_corrected
g_5588;1164;g_5588;Pausen (Pomodoro);616;1.0;0.7749999999999999;0.52;0.21999999999999997;0.655;0.76;0.76;0.845;0.365;0.495;0.485;0.625;0.88;0.96;0.15000000000000002;0.15500000000000003;0.25;0.985;1.0;1.0;0.565;0.825;0.94;0.39;0.8049999999999999;0.72;1.0;0.36;0.51;0.27;0.26;0.69;0.06;;;;;;;;;;;;;;;;;;;;;;;;;;;;;;;;;;;;;;;;;;;;;;;;;;;;;;;;;;;;;;;;
g_5573;1164;g_5573;Ich möchte besonders gute Noten haben.;616;0.0;0.445;0.745;0.775;0.61;0.275;0.7150000000000001;0.755;0.07;0.865;0.375;0.20500000000000002;0.405;0.895;0.29;0.15500000000000003;0.8300000000000001;0.985;1.0;0.995;0.9550000000000001;0.305;0.845;0.72;0.9299999999999999;0.915;1.0;0.20999999999999996;0.81;0.81;0.79;0.8;0.045000000000000005;;;;;;;;;;;;;;;;;;;;;;;;;;;;;;;;;;;;;;;;;;;;;;;;;;;;;;;;;;;;;;;;
g_5574;1164;g_5574;Lernumg.anspr. gestalten;616;0.5;0.39;0.635;0.7050000000000001;0.6799999999999999;0.4;0.61;0.8999999999999999;0.53;0.485;0.47000000000000003;0.75;0.29;0.54;0.175;0.13;0.275;0.975;1.0;0.625;0.58;0.84;0.875;0.38;0.81;0.75;1.0;0.6599999999999999;0.505;0.5700000000000001;0.495;0.255;0.085;;;;;;;;;;;;;;;;;;;;;;;;;;;;;;;;;;;;;;;;;;;;;;;;;;;;;;;;;;;;;;;;
g_5575;1164;g_5575;Lernzeiten setzen;616;0.5;0.39;0.635;0.6;0.6799999999999999;0.445;0.66;0.87;0.48;0.585;0.645;0.505;0.5;0.575;0.215;0.125;0.405;0.975;0.995;1.0;0.585;0.6599999999999999;0.8899999999999999;0.41;0.8200000000000001;0.6;1.0;0.5;0.53;0.41;0.355;0.63;0.08499999999999999;;;;;;;;;;;;;;;;;;;;;;;;;;;;;;;;;;;;;;;;;;;;;;;;;;;;;;;;;;;;;;;;
g_5576;1164;g_5576;Lernsystem finden;616;0.5;0.4;0.645;0.645;0.6699999999999999;0.28;0.38;0.75;0.61;0.505;0.415;0.75;0.29;0.8049999999999999;0.19;0.185;0.28;0.98;1.0;1.0;0.585;0.77;0.87;0.395;0.605;0.48;1.0;0.185;0.435;0.455;0.315;0.36;0.09;;;;;;;;;;;;;;;;;;;;;;;;;;;;;;;;;;;;;;;;;;;;;;;;;;;;;;;;;;;;;;;;
g_5578;1164;g_5578;pomodoro;616;1.0;0.8049999999999999;0.51;0.22999999999999998;0.6699999999999999;0.75;0.8049999999999999;0.875;0.56;0.61;0.6;0.875;0.9650000000000001;0.735;0.14;0.4;0.25;0.98;1.0;1.0;0.56;0.7849999999999999;0.915;0.41;0.745;0.5700000000000001;1.0;0.6299999999999999;0.495;0.635;0.655;0.49;0.1;;;;;;;;;;;;;;;;;;;;;;;;;;;;;;;;;;;;;;;;;;;;;;;;;;;;;;;;;;;;;;;;
g_5579;1164;g_5579;verschiedene Kanäle ansprechen;616;1.0;0.8;0.505;0.315;0.665;0.5800000000000001;0.57;0.8400000000000001;0.685;0.28500000000000003;0.61;0.7;0.5;0.905;0.14;0.185;0.245;0.98;0.995;1.0;0.56;0.875;0.915;0.415;0.685;0.28500000000000003;1.0;0.3;0.245;0.55;0.32;0.6000000000000001;0.10500000000000001;;;;;;;;;;;;;;;;;;;;;;;;;;;;;;;;;;;;;;;;;;;;;;;;;;;;;;;;;;;;;;;;
g_5581;1164;g_5581;Ablenkungen am Schreibtisch vermeiden;616;1.0;0.8;0.51;0.305;0.665;0.755;0.77;0.125;0.46;0.58;0.495;0.875;0.495;0.9;0.02;0.16499999999999998;0.25;0.99;0.995;1.0;0.555;0.875;0.925;0.4;0.825;0.775;1.0;0.495;0.6950000000000001;0.6599999999999999;0.815;0.5700000000000001;0.07500000000000001;;;;;;;;;;;;;;;;;;;;;;;;;;;;;;;;;;;;;;;;;;;;;;;;;;;;;;;;;;;;;;;;
g_5583;1164;g_5583;Gute Beleuchtung setzen;616;1.0;0.8;0.515;0.21999999999999997;0.655;0.5900000000000001;0.88;0.875;0.31999999999999995;0.67;0.43;0.875;0.875;0.98;0.005;0.4;0.255;0.995;0.995;0.625;0.8300000000000001;0.9199999999999999;0.9299999999999999;0.395;0.7949999999999999;0.815;0.995;0.63;0.445;0.365;0.285;0.51;0.07;;;;;;;;;;;;;;;;;;;;;;;;;;;;;;;;;;;;;;;;;;;;;;;;;;;;;;;;;;;;;;;;
g_5584;1164;g_5584;Tee zum Lernen ;616;1.0;0.8;0.515;0.21999999999999997;0.6599999999999999;0.7350000000000001;0.925;0.92;0.37;0.685;0.53;0.875;1.0;0.98;0.005;0.425;0.255;0.985;1.0;0.63;0.565;0.9199999999999999;0.9299999999999999;0.48;0.8400000000000001;0.8300000000000001;1.0;0.8300000000000001;0.25;0.425;0.265;0.21000000000000002;0.07;;;;;;;;;;;;;;;;;;;;;;;;;;;;;;;;;;;;;;;;;;;;;;;;;;;;;;;;;;;;;;;;
g_5586;1164;g_5586;Früher aufstehen;616;1.0;0.765;0.515;0.86;0.79;0.895;0.855;0.9;0.33999999999999997;0.615;0.505;0.13;0.515;0.75;0.365;0.265;0.745;0.985;1.0;1.0;0.88;0.815;0.935;0.48000000000000004;0.875;0.995;0.995;0.865;0.95;0.7;0.63;0.815;0.07;;;;;;;;;;;;;;;;;;;;;;;;;;;;;;;;;;;;;;;;;;;;;;;;;;;;;;;;;;;;;;;;
g_5587;1164;g_5587;Klar machen wenn Lernzeit vorbei;616;1.0;0.745;0.52;0.4;0.725;0.825;0.78;0.875;0.395;0.615;0.645;0.25;0.325;0.925;0.17500000000000002;0.15000000000000002;0.75;0.985;0.995;1.0;0.575;0.555;0.935;0.39;0.815;0.765;1.0;0.33;0.59;0.35;0.325;0.545;0.07500000000000001;;;;;;;;;;;;;;;;;;;;;;;;;;;;;;;;;;;;;;;;;;;;;;;;;;;;;;;;;;;;;;;;
g_5623;1190;g_5623;Ich möchte zurückblicken und sagen können: Ja, es hat sich gelohnt.;625;0.0;0.6699999999999999;1.0;1.0;0.8;1.0;0.205;1.0;1.0;0.0;0.88;0.32;0.66;0.875;0.75;0.0;0.965;1.0;1.0;1.0;0.7949999999999999;1.0;1.0;1.0;1.0;1.0;1.0;1.0;1.0;1.0;0.5;1.0;0.0;;;;;;;;;;;;;;;;;;;;;;;;;;;;;;;;;;;;;;;;;;;;;;;;;;;;;;;;;;;;;;;;
g_5624;1190;g_5624;Gutes Zeitmanagement;625;0.5;0.745;1.0;0.825;1.0;1.0;0.99;1.0;1.0;0.0;0.9450000000000001;0.325;0.855;0.88;0.75;0.0;0.97;1.0;1.0;1.0;0.875;1.0;1.0;1.0;1.0;1.0;1.0;1.0;1.0;1.0;0.315;1.0;0.0;;;;;;;;;;;;;;;;;;;;;;;;;;;;;;;;;;;;;;;;;;;;;;;;;;;;;;;;;;;;;;;;
g_5625;1190;g_5625;Freunde kennenlernen;625;0.5;0.89;1.0;1.0;0.73;1.0;0.35;1.0;1.0;0.0;0.94;0.5;0.855;0.88;0.75;0.0;0.97;1.0;1.0;1.0;0.875;1.0;1.0;1.0;1.0;1.0;1.0;1.0;1.0;1.0;0.47;1.0;0.0;;;;;;;;;;;;;;;;;;;;;;;;;;;;;;;;;;;;;;;;;;;;;;;;;;;;;;;;;;;;;;;;
g_5626;1190;g_5626;Leben genießen;625;0.5;0.5449999999999999;0.71;0.6950000000000001;0.77;1.0;0.28;1.0;1.0;0.0;0.9450000000000001;0.5;0.87;0.87;0.6;0.0;0.97;1.0;1.0;1.0;0.845;1.0;1.0;1.0;1.0;1.0;1.0;1.0;1.0;1.0;0.475;1.0;0.0;;;;;;;;;;;;;;;;;;;;;;;;;;;;;;;;;;;;;;;;;;;;;;;;;;;;;;;;;;;;;;;;
g_5627;1190;g_5627;Mit Kommiliton:innen treffen;625;1.0;0.865;1.0;0.995;0.615;1.0;0.8;1.0;0.55;0.745;0.5349999999999999;0.33999999999999997;0.885;0.875;0.665;0.0;0.97;1.0;1.0;1.0;0.88;1.0;1.0;1.0;1.0;1.0;1.0;1.0;1.0;1.0;0.43;1.0;0.0;;;;;;;;;;;;;;;;;;;;;;;;;;;;;;;;;;;;;;;;;;;;;;;;;;;;;;;;;;;;;;;;
g_5628;1190;g_5628;Eigeninitiative zeigen;625;1.0;0.5900000000000001;0.705;0.73;0.635;1.0;0.28;1.0;1.0;0.0;0.9450000000000001;0.33999999999999997;0.845;0.87;0.75;0.0;0.97;1.0;1.0;1.0;0.85;1.0;1.0;1.0;1.0;1.0;1.0;1.0;1.0;1.0;0.425;1.0;0.0;;;;;;;;;;;;;;;;;;;;;;;;;;;;;;;;;;;;;;;;;;;;;;;;;;;;;;;;;;;;;;;;
g_5629;1190;g_5629;Offen sein;625;1.0;0.735;0.71;0.61;0.73;1.0;0.57;1.0;1.0;0.0;0.94;0.345;0.87;0.875;0.75;0.0;0.97;1.0;1.0;1.0;0.8300000000000001;1.0;1.0;1.0;1.0;1.0;1.0;1.0;1.0;1.0;0.5;1.0;0.0;;;;;;;;;;;;;;;;;;;;;;;;;;;;;;;;;;;;;;;;;;;;;;;;;;;;;;;;;;;;;;;;
g_5630;1190;g_5630;Wochenpläne erstellen;625;1.0;0.985;1.0;0.715;0.695;1.0;1.0;1.0;0.155;0.755;0.95;0.39;0.98;0.87;0.315;1.0;0.965;1.0;1.0;1.0;0.88;1.0;1.0;1.0;1.0;1.0;1.0;1.0;1.0;1.0;0.435;1.0;0.0;;;;;;;;;;;;;;;;;;;;;;;;;;;;;;;;;;;;;;;;;;;;;;;;;;;;;;;;;;;;;;;;
g_5631;1190;g_5631;Pausen einplanen;625;1.0;0.97;1.0;0.725;0.71;1.0;1.0;1.0;0.16;0.7150000000000001;0.95;0.5;0.95;0.87;0.465;1.0;0.97;1.0;1.0;1.0;0.88;1.0;1.0;1.0;1.0;1.0;1.0;1.0;1.0;1.0;0.415;1.0;0.0;;;;;;;;;;;;;;;;;;;;;;;;;;;;;;;;;;;;;;;;;;;;;;;;;;;;;;;;;;;;;;;;
g_5632;1190;g_5632;Freizeitaktivitäten wöchentlich einplanen;625;1.0;0.95;1.0;0.72;0.69;1.0;1.0;1.0;0.135;0.345;0.9450000000000001;0.5;0.95;0.87;0.43;1.0;0.965;1.0;1.0;1.0;0.875;1.0;1.0;1.0;1.0;1.0;1.0;1.0;1.0;1.0;0.415;1.0;0.0;;;;;;;;;;;;;;;;;;;;;;;;;;;;;;;;;;;;;;;;;;;;;;;;;;;;;;;;;;;;;;;;
g_5633;1190;g_5633;Schöne Momente auskosten;625;1.0;0.5700000000000001;0.71;0.685;0.635;1.0;0.27;1.0;1.0;0.0;0.9450000000000001;0.5;0.7749999999999999;0.88;0.665;0.0;0.96;1.0;1.0;1.0;0.875;1.0;1.0;1.0;1.0;1.0;1.0;1.0;1.0;1.0;0.5;1.0;0.0;;;;;;;;;;;;;;;;;;;;;;;;;;;;;;;;;;;;;;;;;;;;;;;;;;;;;;;;;;;;;;;;
g_5634;1190;g_5634;Ängste nicht gewinnen lassen;625;1.0;0.685;0.735;0.8;0.7;1.0;0.215;0.0;1.0;0.385;0.9450000000000001;0.08000000000000002;0.6799999999999999;0.87;0.855;0.0;1.0;1.0;1.0;1.0;0.7949999999999999;1.0;1.0;1.0;1.0;1.0;1.0;1.0;1.0;1.0;0.5;1.0;0.0;;;;;;;;;;;;;;;;;;;;;;;;;;;;;;;;;;;;;;;;;;;;;;;;;;;;;;;;;;;;;;;;
g_5635;1190;g_5635;Viel raus gehen;625;1.0;0.78;0.725;0.605;0.72;1.0;0.79;1.0;1.0;0.675;0.96;0.5;0.64;0.87;0.63;0.0;0.9550000000000001;1.0;1.0;1.0;0.88;1.0;1.0;1.0;1.0;1.0;1.0;1.0;1.0;1.0;0.45;1.0;0.0;;;;;;;;;;;;;;;;;;;;;;;;;;;;;;;;;;;;;;;;;;;;;;;;;;;;;;;;;;;;;;;;
g_5615;1187;g_5615;gute Noten;623;0.0;1.0;0.81;0.8;1.0;0.265;0.79;0.62;0.16999999999999998;1.0;0.7849999999999999;0.44999999999999996;0.53;0.465;0.565;0.065;0.71;0.55;0.7250000000000001;0.505;0.85;0.46499999999999997;0.7050000000000001;0.605;0.855;0.88;0.745;0.5;1.0;0.95;0.91;0.15;0.17;;;;;;;;;;;;;;;;;;;;;;;;;;;;;;;;;;;;;;;;;;;;;;;;;;;;;;;;;;;;;;;;
g_5616;1187;g_5616;lernen ;623;1.0;0.20500000000000002;0.29000000000000004;0.475;0.14;0.29000000000000004;0.13;0.16999999999999998;0.16999999999999998;0.18;0.71;0.505;0.56;0.61;0.425;0.135;0.51;0.765;0.69;0.5;0.495;0.475;0.8500000000000001;0.185;0.44;0.49;0.735;0.46;0.99;0.9299999999999999;0.255;0.1;0.54;;;;;;;;;;;;;;;;;;;;;;;;;;;;;;;;;;;;;;;;;;;;;;;;;;;;;;;;;;;;;;;;
g_5617;1187;g_5617;lerngruppen;623;1.0;0.665;0.29500000000000004;0.19999999999999998;0.43;0.815;0.275;0.76;0.885;0.005;0.5499999999999999;0.825;0.76;0.53;0.225;0.05499999999999999;0.485;0.5449999999999999;0.62;0.7949999999999999;0.525;0.5;0.8;0.7649999999999999;0.78;0.655;0.495;0.515;0.375;0.455;0.43999999999999995;0.925;0.095;;;;;;;;;;;;;;;;;;;;;;;;;;;;;;;;;;;;;;;;;;;;;;;;;;;;;;;;;;;;;;;;
g_5618;1187;g_5618;Ausgleich -> Sportgruppen;623;1.0;0.46;0.28500000000000003;0.46;0.6599999999999999;0.785;0.435;0.51;0.7949999999999999;0.19;0.505;0.81;0.5700000000000001;0.5349999999999999;0.455;0.31;0.505;0.5249999999999999;0.205;0.14;0.45999999999999996;0.44999999999999996;0.825;0.88;0.8;0.815;0.485;0.5;0.04;0.16500000000000004;0.52;0.915;0.0;;;;;;;;;;;;;;;;;;;;;;;;;;;;;;;;;;;;;;;;;;;;;;;;;;;;;;;;;;;;;;;;
g_5746;1278;g_5746;Ich möchte viel Lernen für die Zukunft.;639;0.0;0.0;0.12;1.0;0.44999999999999996;0.875;0.095;1.0;0.99;0.01;0.605;0.125;0.33;0.6799999999999999;0.755;0.75;0.75;0.885;0.925;1.0;0.63;0.40499999999999997;1.0;0.835;0.875;1.0;0.935;0.49;1.0;0.96;0.185;0.76;0.065;;;;;;;;;;;;;;;;;;;;;;;;;;;;;;;;;;;;;;;;;;;;;;;;;;;;;;;;;;;;;;;;
g_5748;1278;g_5748;gutes Theoretisches Wissen;639;0.5;0.0;0.11;0.88;0.995;0.79;0.0;1.0;0.6950000000000001;0.0;0.61;0.08000000000000002;0.405;0.71;0.77;0.76;0.75;0.845;0.9199999999999999;1.0;0.595;0.385;1.0;0.875;0.875;0.875;0.94;0.485;0.975;0.96;0.16999999999999998;0.765;0.065;;;;;;;;;;;;;;;;;;;;;;;;;;;;;;;;;;;;;;;;;;;;;;;;;;;;;;;;;;;;;;;;
g_5749;1278;g_5749;gutes Praktisches Wissen;639;0.5;0.0;0.11;0.88;0.995;0.8;0.0;1.0;0.685;0.0;0.625;0.04999999999999999;0.29000000000000004;0.6950000000000001;0.745;0.77;0.79;0.835;0.935;1.0;0.595;0.35;1.0;0.85;0.875;0.905;0.935;0.49;0.98;0.96;0.19;0.765;0.065;;;;;;;;;;;;;;;;;;;;;;;;;;;;;;;;;;;;;;;;;;;;;;;;;;;;;;;;;;;;;;;;
g_5750;1278;g_5750;gut lernen für Vorlesungen;639;1.0;0.905;0.935;0.5549999999999999;0.815;0.77;0.7150000000000001;1.0;0.755;0.87;0.62;0.16499999999999998;0.755;0.5800000000000001;0.275;0.65;0.615;0.8999999999999999;0.89;1.0;0.885;0.905;1.0;0.735;0.625;0.865;1.0;0.5499999999999999;0.915;0.9;0.135;0.125;0.26;;;;;;;;;;;;;;;;;;;;;;;;;;;;;;;;;;;;;;;;;;;;;;;;;;;;;;;;;;;;;;;;
g_5754;1278;g_5754;programmiere am Roboter;639;1.0;0.9099999999999999;0.63;0.275;0.22499999999999998;0.6799999999999999;0.45;1.0;0.875;0.055;0.6699999999999999;0.295;0.43;0.8500000000000001;0.685;0.45;0.5549999999999999;0.66;0.8400000000000001;0.855;0.7949999999999999;0.305;0.81;0.14500000000000002;0.5;0.5;1.0;0.51;0.45999999999999996;0.72;0.145;0.495;0.0;;;;;;;;;;;;;;;;;;;;;;;;;;;;;;;;;;;;;;;;;;;;;;;;;;;;;;;;;;;;;;;;
g_5753;1278;g_5753;wende das gelernte an;639;1.0;0.6950000000000001;0.745;0.53;0.8200000000000001;0.6499999999999999;0.54;1.0;0.81;0.115;0.36;0.5449999999999999;0.645;0.6;0.345;0.25;0.22999999999999998;0.7050000000000001;0.835;0.935;0.5650000000000001;0.685;0.95;0.56;0.5;0.655;1.0;0.48;0.78;0.77;0.13;0.32;0.0;;;;;;;;;;;;;;;;;;;;;;;;;;;;;;;;;;;;;;;;;;;;;;;;;;;;;;;;;;;;;;;;
g_5752;1278;g_5752;lese interessante Bücher;639;1.0;0.86;0.63;0.755;0.85;0.91;0.91;1.0;0.78;0.065;0.64;0.185;0.6950000000000001;0.65;0.72;0.565;0.77;0.935;0.925;0.75;0.5800000000000001;0.38;0.815;0.885;0.9299999999999999;0.675;1.0;0.5;0.85;0.9550000000000001;0.20500000000000002;0.72;0.07;;;;;;;;;;;;;;;;;;;;;;;;;;;;;;;;;;;;;;;;;;;;;;;;;;;;;;;;;;;;;;;;
g_5755;1278;g_5755;programmiere Politik Seite;639;1.0;0.995;0.22;0.8500000000000001;0.975;0.97;0.665;1.0;0.375;0.03;0.465;0.11499999999999999;0.17500000000000002;0.44;0.915;0.495;0.8;0.645;0.88;0.915;0.845;0.25;0.67;0.67;0.875;0.645;0.5549999999999999;0.515;0.585;0.75;0.46;0.7;0.065;;;;;;;;;;;;;;;;;;;;;;;;;;;;;;;;;;;;;;;;;;;;;;;;;;;;;;;;;;;;;;;;
g_5756;1278;g_5756;nutze brilliant;639;1.0;0.995;0.78;0.275;0.905;0.89;0.88;1.0;0.7949999999999999;0.22999999999999998;0.73;0.715;0.9450000000000001;0.9450000000000001;0.3;0.61;0.35000000000000003;1.0;1.0;0.305;0.87;0.545;1.0;0.365;0.505;0.5;0.56;0.51;0.6599999999999999;0.79;0.13;0.265;0.0;;;;;;;;;;;;;;;;;;;;;;;;;;;;;;;;;;;;;;;;;;;;;;;;;;;;;;;;;;;;;;;;
g_5751;1278;g_5751;schließe online Kurse ab;639;1.0;0.9099999999999999;0.675;0.48;0.76;0.6699999999999999;0.895;1.0;0.73;0.11;0.715;0.31;0.575;0.7050000000000001;0.64;0.41000000000000003;0.42;0.8400000000000001;0.875;0.25;0.78;0.585;0.86;0.7;0.875;0.65;0.595;0.505;0.795;0.925;0.155;0.73;0.0;;;;;;;;;;;;;;;;;;;;;;;;;;;;;;;;;;;;;;;;;;;;;;;;;;;;;;;;;;;;;;;;
g_5757;1278;g_5757;lerne Javascript;639;1.0;0.875;0.12;0.065;0.59;0.7949999999999999;0.8200000000000001;1.0;0.095;0.935;0.655;0.76;0.32999999999999996;0.675;0.5549999999999999;0.16999999999999998;0.36;0.7250000000000001;0.7849999999999999;1.0;0.765;0.375;1.0;0.18;0.5;0.43;0.61;0.505;0.45;0.765;0.15;0.175;0.0;;;;;;;;;;;;;;;;;;;;;;;;;;;;;;;;;;;;;;;;;;;;;;;;;;;;;;;;;;;;;;;;
g_5758;1278;g_5758;lerne Tensorflow;639;1.0;1.0;0.75;0.54;0.63;0.845;0.86;1.0;0.08499999999999999;0.975;0.6599999999999999;0.605;0.67;0.87;0.36;0.62;0.38;0.81;0.825;1.0;0.53;0.94;1.0;0.175;0.5;0.61;1.0;0.48;0.795;0.78;0.145;0.175;0.0;;;;;;;;;;;;;;;;;;;;;;;;;;;;;;;;;;;;;;;;;;;;;;;;;;;;;;;;;;;;;;;;
g_5789;1294;g_5789;Über mich hinauswachsen und Erfahrungen sammeln.;643;0.0;0.755;0.875;1.0;1.0;1.0;0.5;1.0;1.0;0.25;0.625;0.125;0.29500000000000004;1.0;0.865;0.63;0.75;0.75;0.87;0.13;0.625;0.505;1.0;0.6799999999999999;0.7849999999999999;1.0;0.875;0.875;0.995;0.75;0.755;1.0;0.195;;;;;;;;;;;;;;;;;;;;;;;;;;;;;;;;;;;;;;;;;;;;;;;;;;;;;;;;;;;;;;;;
g_5790;1294;g_5790;Regelstudienzeit;643;0.5;0.915;1.0;1.0;1.0;1.0;1.0;1.0;0.75;0.99;0.6799999999999999;0.034999999999999976;0.255;0.9550000000000001;0.935;1.0;0.7150000000000001;0.9450000000000001;0.925;0.0;0.75;0.685;1.0;0.665;0.6599999999999999;0.88;0.9450000000000001;0.8999999999999999;1.0;0.885;1.0;1.0;0.39;;;;;;;;;;;;;;;;;;;;;;;;;;;;;;;;;;;;;;;;;;;;;;;;;;;;;;;;;;;;;;;;
g_5791;1294;g_5791;Praktika;643;0.5;0.875;0.885;0.625;0.87;0.8049999999999999;0.75;1.0;0.875;0.375;0.625;0.25;0.585;0.925;0.745;0.905;0.745;0.755;0.88;0.125;0.87;0.5700000000000001;1.0;0.6699999999999999;0.575;1.0;1.0;0.75;1.0;0.79;0.7949999999999999;1.0;0.41;;;;;;;;;;;;;;;;;;;;;;;;;;;;;;;;;;;;;;;;;;;;;;;;;;;;;;;;;;;;;;;;
g_5792;1294;g_5792;Mut und Vertrauen;643;0.5;0.625;0.75;1.0;0.88;0.87;0.25;1.0;0.875;0.5;0.5700000000000001;0.31;0.26;0.915;0.595;0.62;0.625;0.62;0.75;0.25;0.875;0.6599999999999999;0.995;0.675;0.69;0.825;1.0;0.875;1.0;0.755;0.62;1.0;0.125;;;;;;;;;;;;;;;;;;;;;;;;;;;;;;;;;;;;;;;;;;;;;;;;;;;;;;;;;;;;;;;;
g_5793;1294;g_5793;neues ausprobieren;643;1.0;0.8200000000000001;0.51;0.625;0.5;0.72;0.5;1.0;0.665;0.5;0.625;0.5;0.32;0.75;0.545;0.75;0.585;0.5;0.75;0.21500000000000002;0.745;0.625;1.0;0.665;0.61;0.975;1.0;0.8049999999999999;0.875;0.8200000000000001;0.49;0.87;0.045;;;;;;;;;;;;;;;;;;;;;;;;;;;;;;;;;;;;;;;;;;;;;;;;;;;;;;;;;;;;;;;;
g_5794;1294;g_5794;offen für neues;643;1.0;0.825;0.495;0.625;0.5;0.66;0.5;1.0;0.66;0.5;0.5;0.5;0.445;0.75;0.545;0.75;0.585;0.5;0.75;0.25;0.72;0.5;1.0;0.665;0.585;0.895;1.0;0.8049999999999999;0.875;0.8;0.49;0.875;0.045;;;;;;;;;;;;;;;;;;;;;;;;;;;;;;;;;;;;;;;;;;;;;;;;;;;;;;;;;;;;;;;;
g_5795;1294;g_5795;in mehreren Bereichen;643;1.0;0.625;0.5;0.625;0.5;0.6699999999999999;0.5;0.625;0.5349999999999999;0.5;0.5;0.5;0.5;0.75;0.5;0.5;0.5;0.5;0.75;0.32;0.5;0.495;0.5;0.625;0.5;0.5;0.875;0.5;0.795;0.565;0.5;0.75;0.5;;;;;;;;;;;;;;;;;;;;;;;;;;;;;;;;;;;;;;;;;;;;;;;;;;;;;;;;;;;;;;;;
g_5796;1294;g_5796;Wirtschaft;643;1.0;0.5;0.5;0.5;0.5;0.5;0.5;0.5;0.5;0.5;0.5;0.5;0.5;0.5;0.5;0.5;0.5;0.5;0.5;0.5;0.5;0.5;0.5;0.5;0.5;0.5;0.5;0.5;0.5;0.5;0.5;0.5;0.5;;;;;;;;;;;;;;;;;;;;;;;;;;;;;;;;;;;;;;;;;;;;;;;;;;;;;;;;;;;;;;;;
g_5797;1294;g_5797;Kliniken;643;1.0;0.5;0.5;0.5;0.5;0.5;0.5;0.5;0.5;0.5;0.5;0.5;0.5;0.5;0.5;0.5;0.5;0.5;0.5;0.5;0.5;0.5;0.5;0.5;0.5;0.5;0.5;0.5;0.5;0.5;0.5;0.5;0.5;;;;;;;;;;;;;;;;;;;;;;;;;;;;;;;;;;;;;;;;;;;;;;;;;;;;;;;;;;;;;;;;
g_5798;1294;g_5798;lernen;643;1.0;0.97;0.8899999999999999;0.72;1.0;0.98;0.935;1.0;0.535;0.38;0.755;0.21999999999999997;0.45;1.0;0.315;1.0;0.855;0.75;0.95;0.5800000000000001;0.78;0.455;1.0;0.89;0.7;0.995;1.0;0.81;0.995;0.96;0.965;0.98;0.375;;;;;;;;;;;;;;;;;;;;;;;;;;;;;;;;;;;;;;;;;;;;;;;;;;;;;;;;;;;;;;;;
g_5799;1294;g_5799;Klausuren ;643;1.0;0.5;0.6699999999999999;0.5;0.5;0.685;0.725;0.875;0.6799999999999999;0.5;0.375;0.09999999999999998;0.41;0.75;0.375;0.625;0.62;0.755;0.7;0.5;0.53;0.485;0.98;0.5;0.7;0.995;1.0;0.765;0.99;0.96;0.895;0.9550000000000001;0.46499999999999997;;;;;;;;;;;;;;;;;;;;;;;;;;;;;;;;;;;;;;;;;;;;;;;;;;;;;;;;;;;;;;;;
g_5802;1292;g_5802;Ich möchte mich selber nicht zu sehr stressen und mir selber nicht zu viel Druck machen.;645;0.0;0.20500000000000002;0.82;0.875;0.995;0.9299999999999999;0.245;0.32;0.975;0.02;0.49;0.15000000000000002;0.25;0.38;0.8400000000000001;0.72;0.785;0.21000000000000002;0.25;0.755;0.855;0.755;1.0;0.765;0.845;1.0;0.5549999999999999;0.515;0.995;0.625;0.885;0.995;0.275;;;;;;;;;;;;;;;;;;;;;;;;;;;;;;;;;;;;;;;;;;;;;;;;;;;;;;;;;;;;;;;;
g_5803;1292;g_5803;Ich möchte die Prüfungen bestehen;645;0.5;1.0;1.0;0.815;1.0;0.9099999999999999;0.86;1.0;0.45;0.615;0.45499999999999996;0.03500000000000003;0.755;0.495;0.6599999999999999;0.755;0.785;0.6699999999999999;0.745;0.7150000000000001;0.9199999999999999;0.5349999999999999;1.0;0.375;0.39;0.975;0.88;0.41500000000000004;0.98;0.875;0.715;0.925;0.585;;;;;;;;;;;;;;;;;;;;;;;;;;;;;;;;;;;;;;;;;;;;;;;;;;;;;;;;;;;;;;;;
g_5804;1292;g_5804;Ich möchte mein Studium genießen;645;0.5;0.33;0.845;0.995;1.0;0.815;0.14;0.995;1.0;0.135;0.55;0.03500000000000003;0.25;0.51;0.6799999999999999;0.27;0.665;0.22000000000000003;0.32;0.515;0.715;0.59;1.0;0.825;0.89;1.0;0.5700000000000001;0.53;0.98;0.825;0.685;0.875;0.225;;;;;;;;;;;;;;;;;;;;;;;;;;;;;;;;;;;;;;;;;;;;;;;;;;;;;;;;;;;;;;;;
g_5805;1292;g_5805;Ich möchte einen Durchschnitt haben, sodass ein Masterplatz sicher ist;645;1.0;1.0;0.995;0.875;1.0;0.63;0.825;0.995;0.65;0.605;0.33999999999999997;0.010000000000000009;0.75;0.43;0.95;0.54;0.79;0.895;0.845;0.81;0.915;0.4;1.0;0.2;0.405;0.965;0.8;0.44;0.995;0.9299999999999999;0.71;0.925;0.5900000000000001;;;;;;;;;;;;;;;;;;;;;;;;;;;;;;;;;;;;;;;;;;;;;;;;;;;;;;;;;;;;;;;;
g_5806;1292;g_5806;Ich möchte auf meine Fähigkeiten vertrauen können;645;1.0;0.6599999999999999;0.995;0.9199999999999999;1.0;0.935;0.47500000000000003;0.995;0.565;0.385;0.625;0.015000000000000013;0.26;0.5349999999999999;0.61;0.27;0.53;0.245;0.5;0.82;0.675;0.405;1.0;0.805;0.9099999999999999;1.0;0.7050000000000001;0.525;0.995;0.87;0.635;1.0;0.21000000000000002;;;;;;;;;;;;;;;;;;;;;;;;;;;;;;;;;;;;;;;;;;;;;;;;;;;;;;;;;;;;;;;;
g_5807;1292;g_5807;Ich möchte Selbstvertrauen haben;645;1.0;0.655;0.995;1.0;1.0;0.915;0.425;0.995;0.5599999999999999;0.385;0.63;0.015000000000000013;0.28;0.5349999999999999;0.63;0.265;0.53;0.245;0.5;0.9299999999999999;0.675;0.405;1.0;0.87;0.915;1.0;0.7050000000000001;0.52;0.995;0.87;0.635;1.0;0.21000000000000002;;;;;;;;;;;;;;;;;;;;;;;;;;;;;;;;;;;;;;;;;;;;;;;;;;;;;;;;;;;;;;;;
g_5808;1292;g_5808;Ich möchte auch noch Zeit für andere Aktivitäten und Freunde haben;645;1.0;0.905;1.0;0.8200000000000001;1.0;0.995;0.855;0.995;0.9299999999999999;0.8200000000000001;0.77;0.015000000000000013;0.53;0.5549999999999999;0.55;0.595;0.835;0.78;0.55;0.565;0.9550000000000001;0.45999999999999996;1.0;0.75;0.9199999999999999;0.995;0.975;0.52;0.995;0.935;0.8;0.995;0.45;;;;;;;;;;;;;;;;;;;;;;;;;;;;;;;;;;;;;;;;;;;;;;;;;;;;;;;;;;;;;;;;
g_5868;1328;g_5868;Meine berufliche Zukunft sichern.;655;0.0;0.625;1.0;0.81;0.5;0.475;0.745;0.75;0.625;0.585;0.44;0.18;0.54;0.74;0.825;0.875;0.62;0.69;0.61;0.45499999999999996;0.875;0.5900000000000001;0.88;0.5;0.8;1.0;1.0;0.36;0.875;0.53;0.8049999999999999;0.5449999999999999;0.5549999999999999;;;;;;;;;;;;;;;;;;;;;;;;;;;;;;;;;;;;;;;;;;;;;;;;;;;;;;;;;;;;;;;;
g_5869;1328;g_5869;Qualifikation erwerben.;655;1.0;0.685;1.0;1.0;0.6799999999999999;0.645;1.0;0.78;0.55;0.435;0.53;0.275;0.52;0.755;0.6799999999999999;0.665;0.625;0.655;0.63;0.41000000000000003;0.875;0.88;0.875;0.7;0.845;1.0;1.0;0.465;0.96;0.6950000000000001;1.0;0.87;0.5;;;;;;;;;;;;;;;;;;;;;;;;;;;;;;;;;;;;;;;;;;;;;;;;;;;;;;;;;;;;;;;;
g_5870;1328;g_5870;Kontakte knüpfen.;655;1.0;0.505;1.0;0.755;0.665;0.645;0.71;0.75;0.46499999999999997;0.485;0.495;0.28;0.465;0.615;0.69;0.5349999999999999;0.53;0.585;0.505;0.485;0.825;0.55;0.875;0.54;0.8;0.905;1.0;0.37;0.875;0.56;0.62;0.575;0.5;;;;;;;;;;;;;;;;;;;;;;;;;;;;;;;;;;;;;;;;;;;;;;;;;;;;;;;;;;;;;;;;
g_5871;1328;g_5871;Reife erlangen.;655;1.0;0.37;0.55;0.825;0.6000000000000001;0.725;0.34;0.875;0.62;0.20500000000000002;0.53;0.465;0.25;0.625;0.5349999999999999;0.445;0.55;0.435;0.75;0.5;0.755;0.75;0.9550000000000001;0.86;0.9;1.0;1.0;0.5349999999999999;0.875;0.5;0.815;1.0;0.5;;;;;;;;;;;;;;;;;;;;;;;;;;;;;;;;;;;;;;;;;;;;;;;;;;;;;;;;;;;;;;;;
g_5916;1317;g_5916;Viele neue Dinge lernen, vor allem auf den Themengebieten weiterbilden, für die ich mich schon lange interessiere.;665;0.0;0.545;0.35;0.735;0.615;0.475;0.675;0.645;0.7;0.44;0.625;0.325;0.405;0.625;0.77;0.505;0.47000000000000003;0.5800000000000001;0.56;0.42999999999999994;0.6699999999999999;0.6000000000000001;0.615;0.475;0.635;0.71;0.745;0.645;0.65;0.655;0.375;0.7150000000000001;0.34;;;;;;;;;;;;;;;;;;;;;;;;;;;;;;;;;;;;;;;;;;;;;;;;;;;;;;;;;;;;;;;;
g_5835;1320;g_5835;Quellen recherchieren;649;1.0;1.0;1.0;0.625;0.625;0.375;0.75;0.625;1.0;1.0;0.625;0.5;0.75;0.875;0.755;0.5;1.0;0.62;0.75;1.0;0.495;0.5;1.0;0.5;0.75;0.75;0.375;0.5;0.75;0.75;0.75;0.75;0.125;;;;;;;;;;;;;;;;;;;;;;;;;;;;;;;;;;;;;;;;;;;;;;;;;;;;;;;;;;;;;;;;
g_5829;1320;g_5829;Praxiswissen identifizeren;649;0.5;0.625;1.0;0.625;0.625;0.625;0.625;0.875;0.625;0.875;0.375;0.125;0.5;0.875;0.755;0.375;1.0;0.5;0.875;1.0;0.5;0.5;1.0;0.5;0.75;1.0;0.75;0.75;1.0;1.0;1.0;1.0;0.125;;;;;;;;;;;;;;;;;;;;;;;;;;;;;;;;;;;;;;;;;;;;;;;;;;;;;;;;;;;;;;;;
g_5830;1320;g_5830;Wissensquellen erschließen;649;0.5;0.625;1.0;0.625;0.875;0.625;0.625;0.875;0.75;1.0;0.505;0.125;0.625;1.0;0.75;0.5;1.0;0.5;1.0;1.0;0.5;0.5;1.0;0.875;1.0;0.875;0.75;0.875;0.875;1.0;0.75;1.0;0.125;;;;;;;;;;;;;;;;;;;;;;;;;;;;;;;;;;;;;;;;;;;;;;;;;;;;;;;;;;;;;;;;
g_5831;1320;g_5831;Wissen aneignen;649;0.5;0.625;1.0;0.625;0.875;0.5;0.75;1.0;0.75;1.0;0.625;0.125;0.625;1.0;0.5;0.5;1.0;0.5;1.0;1.0;0.5;0.5;1.0;0.875;1.0;0.875;0.75;0.875;0.875;1.0;0.75;1.0;0.125;;;;;;;;;;;;;;;;;;;;;;;;;;;;;;;;;;;;;;;;;;;;;;;;;;;;;;;;;;;;;;;;
g_5832;1320;g_5832;Herausfinden, welche Kenntnisse für die Berufspraxis notwendig sind.;649;1.0;0.505;1.0;0.625;0.875;0.625;0.75;1.0;0.625;1.0;0.375;0.0050000000000000044;0.5;0.875;1.0;0.5;1.0;0.375;0.875;1.0;0.625;0.375;0.75;0.5;0.875;1.0;0.75;0.875;1.0;1.0;1.0;0.875;0.125;;;;;;;;;;;;;;;;;;;;;;;;;;;;;;;;;;;;;;;;;;;;;;;;;;;;;;;;;;;;;;;;
g_5833;1320;g_5833;Nötige Kenntnisse Priorisieren;649;1.0;0.5;1.0;0.625;0.625;0.5;0.625;0.75;0.75;0.755;0.375;0.5;0.5;0.875;0.75;0.375;1.0;0.375;0.75;1.0;0.5;0.38;1.0;0.5;0.75;0.75;0.375;0.75;0.75;0.75;0.5;0.755;0.125;;;;;;;;;;;;;;;;;;;;;;;;;;;;;;;;;;;;;;;;;;;;;;;;;;;;;;;;;;;;;;;;
g_5834;1320;g_5834;Nötige Kenntnisse mit vorhandenen Kenntnissen abgleichen;649;1.0;1.0;1.0;0.625;0.75;0.5;0.875;0.875;0.75;1.0;0.625;0.5;0.625;0.875;0.5;0.375;1.0;0.625;0.875;1.0;0.5;0.37;0.75;0.5;0.875;0.875;0.75;0.875;0.75;0.875;0.75;0.75;0.125;;;;;;;;;;;;;;;;;;;;;;;;;;;;;;;;;;;;;;;;;;;;;;;;;;;;;;;;;;;;;;;;
g_5836;1320;g_5836;Quellen bewerten ;649;1.0;0.625;1.0;0.625;0.625;0.5;0.625;0.75;0.75;0.75;0.5;0.5;0.5;0.75;0.75;0.375;1.0;0.25;0.75;1.0;0.5;0.5;1.0;0.5;0.75;0.75;0.375;0.625;0.625;0.745;0.5;0.75;0.125;;;;;;;;;;;;;;;;;;;;;;;;;;;;;;;;;;;;;;;;;;;;;;;;;;;;;;;;;;;;;;;;
g_5837;1320;g_5837;Quellen priorisieren;649;1.0;0.5;1.0;0.625;0.625;0.375;0.625;0.75;0.75;0.75;0.5;0.5;0.5;0.75;0.75;0.375;1.0;0.25;0.75;1.0;0.5;0.5;1.0;0.5;0.75;0.75;0.375;0.625;0.625;0.75;0.5;0.75;0.125;;;;;;;;;;;;;;;;;;;;;;;;;;;;;;;;;;;;;;;;;;;;;;;;;;;;;;;;;;;;;;;;
g_5838;1320;g_5838;Lerntechniken aneignen;649;1.0;1.0;1.0;0.755;0.875;0.5;0.75;0.875;0.625;0.625;0.51;0.5;0.625;0.875;0.5;0.625;1.0;0.875;1.0;1.0;0.5;0.625;1.0;0.625;0.875;0.875;0.5;0.625;0.75;0.75;0.75;1.0;0.125;;;;;;;;;;;;;;;;;;;;;;;;;;;;;;;;;;;;;;;;;;;;;;;;;;;;;;;;;;;;;;;;
g_5839;1320;g_5839;Wissen strukturieren;649;1.0;1.0;1.0;0.625;0.755;0.375;0.75;0.75;0.5;1.0;0.625;0.5;0.625;1.0;0.245;0.75;1.0;1.0;1.0;1.0;0.75;0.75;1.0;0.75;0.875;0.875;0.625;0.625;1.0;1.0;1.0;1.0;0.125;;;;;;;;;;;;;;;;;;;;;;;;;;;;;;;;;;;;;;;;;;;;;;;;;;;;;;;;;;;;;;;;
g_5840;1320;g_5840;Wissen dokumentieren;649;1.0;1.0;1.0;0.755;0.75;0.375;0.75;0.75;0.5;0.87;0.625;0.5;0.625;0.995;0.255;0.75;1.0;1.0;1.0;1.0;0.75;0.75;1.0;0.755;0.875;0.875;0.625;0.625;1.0;1.0;1.0;1.0;0.125;;;;;;;;;;;;;;;;;;;;;;;;;;;;;;;;;;;;;;;;;;;;;;;;;;;;;;;;;;;;;;;;
g_5841;1320;g_5841;Lernen;649;1.0;1.0;1.0;0.625;0.875;0.5;0.875;0.875;1.0;0.875;0.625;0.125;0.75;1.0;0.5;0.625;1.0;0.87;1.0;1.0;0.75;0.75;1.0;0.75;0.875;0.875;0.75;0.625;0.875;0.875;0.75;1.0;0.125;;;;;;;;;;;;;;;;;;;;;;;;;;;;;;;;;;;;;;;;;;;;;;;;;;;;;;;;;;;;;;;;
g_5828;1320;g_5828;Kenntnisse priorisieren.           ;649;0.0;0.5;1.0;0.625;0.5;0.5;0.5;0.875;0.625;0.75;0.5;0.5;0.5;0.875;0.625;0.0;1.0;0.375;0.75;1.0;0.5;0.5;1.0;0.5;0.75;0.75;0.375;0.755;0.625;0.75;0.5;0.75;0.125;;;;;;;;;;;;;;;;;;;;;;;;;;;;;;;;;;;;;;;;;;;;;;;;;;;;;;;;;;;;;;;;
g_5862;1324;g_5862;Nebenjob wählen der meinem Interessenbereich entspricht;653;1.0;1.0;1.0;1.0;1.0;1.0;1.0;1.0;0.0;1.0;0.5;0.0;1.0;1.0;0.75;1.0;0.87;1.0;1.0;0.12;1.0;0.5;1.0;1.0;1.0;1.0;1.0;1.0;1.0;1.0;0.5;0.75;0.5;;;;;;;;;;;;;;;;;;;;;;;;;;;;;;;;;;;;;;;;;;;;;;;;;;;;;;;;;;;;;;;;
g_5860;1324;g_5860;Sehr viel Wissen über meine Interessenbereiche sammeln.;653;0.0;0.5;1.0;1.0;1.0;1.0;0.125;1.0;0.875;0.0;0.875;0.0;0.5;1.0;0.875;0.755;0.875;1.0;1.0;0.62;0.875;0.25;1.0;1.0;1.0;1.0;1.0;1.0;1.0;0.0;0.5;0.75;0.0;;;;;;;;;;;;;;;;;;;;;;;;;;;;;;;;;;;;;;;;;;;;;;;;;;;;;;;;;;;;;;;;
g_5861;1324;g_5861;Kurse belegen die in meinem Interessenbereich liegen;653;0.3333333333333333;1.0;1.0;0.5;1.0;1.0;1.0;0.99;0.0;1.0;1.0;1.0;1.0;1.0;0.0;1.0;0.0;1.0;1.0;1.0;1.0;1.0;1.0;1.0;1.0;1.0;1.0;1.0;1.0;0.0;0.5;0.25;0.0;;;;;;;;;;;;;;;;;;;;;;;;;;;;;;;;;;;;;;;;;;;;;;;;;;;;;;;;;;;;;;;;
g_5863;1324;g_5863;Sich intensiv mit den Kursen auseinander setzen;653;0.6666666666666666;1.0;1.0;1.0;1.0;1.0;0.5;1.0;0.875;0.0;1.0;0.0;1.0;1.0;0.875;1.0;0.0;1.0;1.0;0.75;1.0;0.25;1.0;1.0;1.0;1.0;1.0;1.0;1.0;0.0;0.5;0.5;0.0;;;;;;;;;;;;;;;;;;;;;;;;;;;;;;;;;;;;;;;;;;;;;;;;;;;;;;;;;;;;;;;;
g_5864;1324;g_5864;Interessen herausfiltern;653;1.0;0.0;0.87;1.0;1.0;1.0;0.125;1.0;0.5;0.0;1.0;0.0;0.0;0.75;1.0;0.125;0.0;0.38;0.75;1.0;0.625;0.495;0.5;0.75;1.0;1.0;0.63;1.0;1.0;0.0;0.75;1.0;0.0;;;;;;;;;;;;;;;;;;;;;;;;;;;;;;;;;;;;;;;;;;;;;;;;;;;;;;;;;;;;;;;;
g_5877;1331;g_5877;Ein umfangreiches Fachwissen, um damit Arbeiten zu können. Und um eine Grundlage zu haben, auf der ich aufbauen kann.;658;0.0;0.375;0.63;0.995;1.0;0.995;0.0;1.0;0.995;0.0;0.995;0.0050000000000000044;1.0;0.995;0.305;0.505;0.995;0.995;1.0;0.995;0.875;0.995;1.0;1.0;0.995;1.0;1.0;1.0;1.0;0.86;0.995;1.0;0.005;;;;;;;;;;;;;;;;;;;;;;;;;;;;;;;;;;;;;;;;;;;;;;;;;;;;;;;;;;;;;;;;
g_5878;1331;g_5878;Lerngruppe finden;658;1.0;1.0;1.0;0.0;1.0;0.99;1.0;0.995;0.5;0.5;1.0;0.0050000000000000044;0.705;0.99;1.0;0.005;0.725;0.995;1.0;1.0;0.5;0.995;0.0;0.0;0.54;0.355;1.0;0.09000000000000002;0.52;0.86;0.5;0.56;0.0;;;;;;;;;;;;;;;;;;;;;;;;;;;;;;;;;;;;;;;;;;;;;;;;;;;;;;;;;;;;;;;;
g_5879;1331;g_5879;Teilnahme an allen Veranstaltungen;658;1.0;0.995;0.74;0.37;1.0;1.0;0.825;0.995;1.0;0.005;1.0;0.015000000000000013;0.9450000000000001;1.0;0.135;0.505;0.85;0.99;1.0;1.0;0.87;0.99;0.355;0.0;0.97;0.515;1.0;0.21;0.8;0.855;0.5;0.75;0.0;;;;;;;;;;;;;;;;;;;;;;;;;;;;;;;;;;;;;;;;;;;;;;;;;;;;;;;;;;;;;;;;
g_5880;1331;g_5880;regelmäßige Vor- und Nachbereitung der Lehrveranstaltungen;658;1.0;1.0;0.745;0.86;1.0;1.0;0.77;0.995;1.0;0.0;1.0;0.0;0.99;0.995;0.35;0.505;0.88;0.995;1.0;1.0;0.655;1.0;0.88;0.0;0.98;1.0;0.995;0.43;0.985;0.855;0.75;0.755;0.0;;;;;;;;;;;;;;;;;;;;;;;;;;;;;;;;;;;;;;;;;;;;;;;;;;;;;;;;;;;;;;;;
g_5901;1302;g_5901;Ich möchte gerne mit einer Promotion an das Studium anknüpfen;663;0.0;0.815;0.19;0.875;0.8;0.8049999999999999;0.855;0.955;0.895;0.305;0.40499999999999997;0.415;0.78;0.825;0.8200000000000001;0.44499999999999995;0.44;0.895;0.88;0.7;0.875;0.5;0.645;0.78;0.845;0.585;1.0;0.79;0.75;0.545;0.835;0.94;0.245;;;;;;;;;;;;;;;;;;;;;;;;;;;;;;;;;;;;;;;;;;;;;;;;;;;;;;;;;;;;;;;;
g_5903;1302;g_5903;MasterarbeitAbschließen;663;0.4;0.915;0.315;0.875;0.8;0.81;0.86;0.905;0.87;0.375;0.41;0.4;0.79;0.835;0.77;0.44;0.445;0.91;0.895;0.63;0.875;0.49;0.75;0.78;0.8500000000000001;0.8200000000000001;1.0;0.565;0.9;0.845;0.81;0.6950000000000001;0.06;;;;;;;;;;;;;;;;;;;;;;;;;;;;;;;;;;;;;;;;;;;;;;;;;;;;;;;;;;;;;;;;
g_5907;1302;g_5907;Thema suchen;663;0.5;0.745;0.315;0.38;0.52;0.7150000000000001;0.74;0.965;0.5549999999999999;0.825;0.705;0.7;0.765;0.8300000000000001;0.46499999999999997;0.32;0.415;0.92;0.835;0.935;0.75;0.7050000000000001;0.865;0.425;0.565;0.6799999999999999;1.0;0.315;0.51;0.61;0.46499999999999997;0.385;0.105;;;;;;;;;;;;;;;;;;;;;;;;;;;;;;;;;;;;;;;;;;;;;;;;;;;;;;;;;;;;;;;;
g_5908;1302;g_5908;LiteraturRecherche;663;1.0;0.175;0.185;0.38;0.525;0.625;0.71;0.955;0.9;0.585;0.42;0.715;0.77;0.825;0.405;0.39;0.34;0.915;0.815;0.895;0.705;0.74;0.91;0.365;0.585;0.545;1.0;0.325;0.5449999999999999;0.715;0.47;0.41000000000000003;0.105;;;;;;;;;;;;;;;;;;;;;;;;;;;;;;;;;;;;;;;;;;;;;;;;;;;;;;;;;;;;;;;;
g_5909;1302;g_5909;Labor/Geländearbeit;663;1.0;0.375;0.19;0.5;0.545;0.665;0.86;0.96;0.835;0.43500000000000005;0.42;0.7;0.775;0.6950000000000001;0.63;0.39;0.34500000000000003;0.92;0.625;0.645;0.8200000000000001;0.73;0.865;0.74;0.7;0.37;1.0;0.83;0.5449999999999999;0.67;0.5;0.8;0.105;;;;;;;;;;;;;;;;;;;;;;;;;;;;;;;;;;;;;;;;;;;;;;;;;;;;;;;;;;;;;;;;
g_5910;1302;g_5910;Labor/Geländearbeit;663;1.0;0.375;0.19;0.5;0.545;0.665;0.86;0.96;0.835;0.43500000000000005;0.42;0.7;0.775;0.6950000000000001;0.63;0.39;0.34500000000000003;0.92;0.625;0.645;0.8200000000000001;0.73;0.865;0.74;0.7;0.37;1.0;0.83;0.5449999999999999;0.67;0.5;0.8;0.105;;;;;;;;;;;;;;;;;;;;;;;;;;;;;;;;;;;;;;;;;;;;;;;;;;;;;;;;;;;;;;;;
g_5911;1302;g_5911;Dozenten anfragen;663;0.75;0.6950000000000001;0.19;0.375;0.515;0.685;0.58;0.97;0.475;0.775;0.71;0.7;0.77;0.825;0.37;0.31;0.28;0.92;0.86;0.9299999999999999;0.66;0.81;0.87;0.285;0.43;0.685;0.995;0.245;0.585;0.58;0.365;0.425;0.055;;;;;;;;;;;;;;;;;;;;;;;;;;;;;;;;;;;;;;;;;;;;;;;;;;;;;;;;;;;;;;;;
g_5912;1302;g_5912;Forschungsinstitute anschreiben;663;0.75;0.6950000000000001;0.19;0.375;0.52;0.685;0.585;0.965;0.485;0.78;0.715;0.695;0.77;0.825;0.365;0.3;0.27;0.915;0.865;0.94;0.67;0.825;0.875;0.27;0.43;0.685;1.0;0.535;0.5900000000000001;0.58;0.45499999999999996;0.425;0.05;;;;;;;;;;;;;;;;;;;;;;;;;;;;;;;;;;;;;;;;;;;;;;;;;;;;;;;;;;;;;;;;
g_5913;1302;g_5913;Wissen Was ich wil;663;1.0;0.08500000000000002;0.175;0.7050000000000001;0.46499999999999997;0.855;0.035;0.97;0.88;0.23500000000000001;0.55;0.065;0.475;0.67;0.755;0.05000000000000002;0.275;0.915;0.675;0.96;0.585;0.29;0.64;0.735;0.9299999999999999;0.7050000000000001;1.0;0.375;0.735;0.71;0.575;0.99;0.0;;;;;;;;;;;;;;;;;;;;;;;;;;;;;;;;;;;;;;;;;;;;;;;;;;;;;;;;;;;;;;;;
g_5914;1302;g_5914;Wissen Was Ich will;663;1.0;0.09499999999999997;0.185;0.7050000000000001;0.46499999999999997;0.85;0.04;0.965;0.875;0.245;0.55;0.08500000000000002;0.475;0.665;0.745;0.04500000000000001;0.27;0.92;0.675;0.96;0.585;0.295;0.635;0.73;0.925;0.7050000000000001;1.0;0.375;0.735;0.71;0.57;0.99;0.0;;;;;;;;;;;;;;;;;;;;;;;;;;;;;;;;;;;;;;;;;;;;;;;;;;;;;;;;;;;;;;;;
g_5888;1342;g_5888;Ich möchte sowhl Bachelor als auch Master mit einer Note besser als 2,0 abschließen;661;0.0;1.0;1.0;0.7949999999999999;1.0;0.75;0.75;1.0;0.375;1.0;0.6599999999999999;0.6799999999999999;0.75;0.87;0.25;0.13;0.5;1.0;1.0;1.0;0.44;1.0;1.0;0.5;0.7050000000000001;0.755;0.495;0.675;0.75;0.5;0.75;0.63;0.12;;;;;;;;;;;;;;;;;;;;;;;;;;;;;;;;;;;;;;;;;;;;;;;;;;;;;;;;;;;;;;;;
g_5889;1342;g_5889;Verfahrenslehre Klausur bestehen;661;0.5;0.6950000000000001;1.0;0.32;0.755;0.75;0.375;0.755;0.0;1.0;0.665;1.0;0.875;0.875;0.0;0.0;0.255;1.0;1.0;1.0;0.79;0.995;1.0;0.0;0.25;0.71;0.755;0.25;0.375;0.125;0.13;0.0;0.125;;;;;;;;;;;;;;;;;;;;;;;;;;;;;;;;;;;;;;;;;;;;;;;;;;;;;;;;;;;;;;;;
g_5891;1342;g_5891;Zusammenfassungen schreiben;661;1.0;0.0;0.45;0.25;0.75;0.77;0.635;0.75;0.0;0.5;0.75;1.0;0.875;1.0;0.0;0.0;0.0;1.0;1.0;1.0;0.0;1.0;1.0;0.0;0.25;0.0;0.75;0.0;0.0;0.0;0.0;0.0;0.125;;;;;;;;;;;;;;;;;;;;;;;;;;;;;;;;;;;;;;;;;;;;;;;;;;;;;;;;;;;;;;;;
g_5892;1342;g_5892;Auswendig lernen;661;1.0;0.125;0.45;0.255;0.755;0.765;0.63;0.75;0.0;0.5;0.75;1.0;0.87;1.0;0.0;0.0;0.0;0.995;1.0;1.0;0.0;1.0;1.0;0.0;0.25;0.0;0.75;0.0;0.0;0.0;0.0;0.0;0.125;;;;;;;;;;;;;;;;;;;;;;;;;;;;;;;;;;;;;;;;;;;;;;;;;;;;;;;;;;;;;;;;
g_5893;1342;g_5893;Vorlesungsvideos ansehen;661;1.0;0.0;0.45499999999999996;0.315;0.75;0.77;0.63;0.75;0.0;0.5;0.75;1.0;0.875;1.0;0.0;0.0;0.0;0.995;1.0;0.995;0.0;1.0;1.0;0.0;0.25;0.0;0.75;0.0;0.0;0.0;0.0;0.0;0.125;;;;;;;;;;;;;;;;;;;;;;;;;;;;;;;;;;;;;;;;;;;;;;;;;;;;;;;;;;;;;;;;
g_5890;1342;g_5890;Bachelor Arbeit Note mind. 1,9;661;0.5;1.0;0.875;0.675;1.0;0.75;0.25;1.0;0.375;1.0;0.25;0.295;0.31;0.875;0.45;0.375;0.505;0.875;1.0;1.0;0.375;1.0;0.9299999999999999;0.5;0.71;0.75;0.5;0.6799999999999999;0.745;0.25;0.75;0.625;0.125;;;;;;;;;;;;;;;;;;;;;;;;;;;;;;;;;;;;;;;;;;;;;;;;;;;;;;;;;;;;;;;;
g_5894;1342;g_5894;Engen Kontakt mit Betreuer halten;661;1.0;0.25;0.375;0.415;0.75;0.75;0.675;1.0;0.37;0.25;0.55;0.75;0.8200000000000001;1.0;0.0;0.0;0.0;0.75;1.0;1.0;0.125;1.0;0.995;0.0;0.25;0.32;0.26;0.5;0.245;0.125;0.445;0.0;0.125;;;;;;;;;;;;;;;;;;;;;;;;;;;;;;;;;;;;;;;;;;;;;;;;;;;;;;;;;;;;;;;;
g_5895;1342;g_5895;Mind. 3 Korrektur Leser;661;1.0;0.75;0.75;0.46;0.75;0.825;1.0;0.87;0.245;0.25;0.125;0.43;0.5;0.75;0.685;0.125;0.125;1.0;1.0;0.995;0.32;0.625;1.0;0.0;0.25;0.49;0.26;0.375;0.25;0.62;0.445;0.315;0.125;;;;;;;;;;;;;;;;;;;;;;;;;;;;;;;;;;;;;;;;;;;;;;;;;;;;;;;;;;;;;;;;
g_5896;1342;g_5896;2 Wochen intensiv Zeit nehmen für Schreiben;661;1.0;0.25;0.875;0.25;0.75;0.875;0.37;1.0;0.375;0.25;0.125;0.42;0.245;1.0;0.745;0.375;0.0;0.745;0.75;0.875;0.38;0.995;0.995;0.0;0.585;0.375;0.375;0.5449999999999999;0.245;0.37;0.44;0.315;0.465;;;;;;;;;;;;;;;;;;;;;;;;;;;;;;;;;;;;;;;;;;;;;;;;;;;;;;;;;;;;;;;;
g_5897;1342;g_5897;Mind. 5 Literature reviews zu dem Thema lesen vor Beginn des Schriebens;661;1.0;1.0;1.0;0.5;0.75;0.825;1.0;1.0;0.25;0.25;0.875;0.355;0.6799999999999999;1.0;0.21000000000000002;0.125;0.0050000000000000044;1.0;1.0;1.0;0.375;1.0;1.0;0.0;0.25;0.375;0.26;0.5;0.255;0.25;0.45;0.315;0.125;;;;;;;;;;;;;;;;;;;;;;;;;;;;;;;;;;;;;;;;;;;;;;;;;;;;;;;;;;;;;;;;
g_5941;1359;g_5941;Ich möchte auf mein Wissen und Können vertrauen können, um in der Praxis sicher handeln zu können.;671;0.0;0.38;0.75;0.75;0.375;0.5;0.375;0.75;1.0;0.25;0.25;0.495;0.245;0.88;0.62;0.25;0.25;0.75;0.75;0.755;0.76;0.78;0.96;0.5;0.775;0.995;0.63;0.915;0.995;0.87;0.6799999999999999;0.97;0.0;;;;;;;;;;;;;;;;;;;;;;;;;;;;;;;;;;;;;;;;;;;;;;;;;;;;;;;;;;;;;;;;
g_5942;1359;g_5942;Wissen aneignen;671;1.0;0.495;0.5;0.505;0.75;0.74;0.495;0.76;0.755;0.25;0.75;0.255;0.75;0.87;0.5;0.505;0.245;0.75;0.75;0.495;0.755;0.76;0.975;0.5;0.81;1.0;0.76;0.81;1.0;0.8400000000000001;0.505;0.98;0.005;;;;;;;;;;;;;;;;;;;;;;;;;;;;;;;;;;;;;;;;;;;;;;;;;;;;;;;;;;;;;;;;
g_5943;1359;g_5943;Praxiserfahrungen sammeln;671;1.0;0.5;0.25;0.5;0.745;0.755;0.495;0.755;0.75;0.25;0.505;0.5;0.755;0.88;0.5;0.25;0.245;0.75;0.75;0.5;0.76;0.775;1.0;0.255;0.73;1.0;0.755;0.91;1.0;0.825;0.5;0.98;0.0;;;;;;;;;;;;;;;;;;;;;;;;;;;;;;;;;;;;;;;;;;;;;;;;;;;;;;;;;;;;;;;;
g_5944;1359;g_5944;Austausch;671;1.0;0.375;0.25;0.505;0.745;0.51;0.245;0.755;0.875;0.25;0.75;0.75;0.755;0.875;0.625;0.25;0.25;0.75;0.875;0.87;0.76;0.765;0.98;0.79;0.7949999999999999;0.995;0.5;0.88;0.995;0.825;0.5;0.985;0.0;;;;;;;;;;;;;;;;;;;;;;;;;;;;;;;;;;;;;;;;;;;;;;;;;;;;;;;;;;;;;;;;
g_6009;1382;g_6009;Ich will eine starke Wissensbasis in meinen Fachbereichen haben. ;681;0.0;0.565;0.71;0.71;0.6799999999999999;0.65;0.56;0.725;0.62;0.43;0.5349999999999999;0.42000000000000004;0.56;0.605;0.52;0.51;0.55;0.5249999999999999;0.595;0.44;0.5700000000000001;0.595;0.71;0.6599999999999999;0.71;0.6599999999999999;0.665;0.62;0.8300000000000001;0.585;0.585;0.6799999999999999;0.355;;;;;;;;;;;;;;;;;;;;;;;;;;;;;;;;;;;;;;;;;;;;;;;;;;;;;;;;;;;;;;;;
g_6010;1382;g_6010;Den Kanon wichtiger Literatur kennen. ;681;1.0;0.925;0.81;0.665;0.615;0.6900000000000001;0.665;0.715;0.715;0.375;0.64;0.46;0.5349999999999999;0.67;0.53;0.5650000000000001;0.56;0.635;0.375;0.25;0.5;0.56;0.78;0.735;0.79;0.76;0.585;0.73;0.855;0.565;0.755;0.75;0.335;;;;;;;;;;;;;;;;;;;;;;;;;;;;;;;;;;;;;;;;;;;;;;;;;;;;;;;;;;;;;;;;
g_6011;1382;g_6011;Wichtige Grammatik und Rechtschreibung kennen;681;1.0;0.76;0.64;0.55;0.56;0.5900000000000001;0.565;0.56;0.49;0.5700000000000001;0.52;0.4;0.505;0.595;0.595;0.53;0.48;0.505;0.535;0.46499999999999997;0.495;0.52;0.6299999999999999;0.52;0.61;0.6599999999999999;0.625;0.47;0.87;0.6799999999999999;0.76;0.64;0.355;;;;;;;;;;;;;;;;;;;;;;;;;;;;;;;;;;;;;;;;;;;;;;;;;;;;;;;;;;;;;;;;
g_6012;1382;g_6012;Didaktische Anwendungen kennen.;681;1.0;0.55;0.475;0.445;0.525;0.635;0.505;0.565;0.5549999999999999;0.5;0.46;0.35;0.44999999999999996;0.505;0.66;0.45499999999999996;0.495;0.35000000000000003;0.42;0.37;0.56;0.39499999999999996;0.63;0.52;0.615;0.665;0.35;0.505;0.8400000000000001;0.56;0.615;0.6799999999999999;0.345;;;;;;;;;;;;;;;;;;;;;;;;;;;;;;;;;;;;;;;;;;;;;;;;;;;;;;;;;;;;;;;;
g_6003;1380;g_6003;Selbstliebe total;679;0.0;0.51;0.685;0.88;0.99;0.5;0.51;0.75;0.77;0.525;0.69;0.445;0.45499999999999996;0.87;0.575;0.235;0.745;0.745;0.88;0.755;0.73;0.87;1.0;0.76;0.755;0.875;0.47;0.47000000000000003;0.94;1.0;1.0;0.975;0.0;;;;;;;;;;;;;;;;;;;;;;;;;;;;;;;;;;;;;;;;;;;;;;;;;;;;;;;;;;;;;;;;
g_6004;1380;g_6004;Auf meine Bedürfnisse achten;679;1.0;0.545;0.6950000000000001;0.88;0.995;0.5;0.58;0.75;0.77;0.54;0.735;0.445;0.45499999999999996;0.87;0.59;0.22499999999999998;0.745;0.755;0.885;0.755;0.725;0.87;1.0;0.765;0.76;0.88;0.32;0.48500000000000004;0.9450000000000001;1.0;0.965;0.97;0.0;;;;;;;;;;;;;;;;;;;;;;;;;;;;;;;;;;;;;;;;;;;;;;;;;;;;;;;;;;;;;;;;
g_6005;1380;g_6005;"""Nein"" zu anderen als ""Ja "" zu mir selbst";679;1.0;0.585;0.745;0.76;1.0;0.49;0.5900000000000001;0.755;0.785;0.535;0.79;0.41500000000000004;0.5;0.87;0.655;0.4;0.745;0.775;0.9;0.76;0.7949999999999999;0.87;1.0;0.7250000000000001;0.71;0.875;0.39;0.495;0.9550000000000001;1.0;0.97;0.975;0.05;;;;;;;;;;;;;;;;;;;;;;;;;;;;;;;;;;;;;;;;;;;;;;;;;;;;;;;;;;;;;;;;
g_6006;1380;g_6006;Erholung;679;1.0;0.5549999999999999;0.73;0.885;1.0;0.5;0.615;0.75;0.775;0.535;0.8049999999999999;0.44;0.545;0.87;0.605;0.21500000000000002;0.745;0.765;0.895;0.76;0.725;0.87;1.0;0.77;0.765;0.885;0.4;0.48000000000000004;0.95;1.0;0.97;0.98;0.0;;;;;;;;;;;;;;;;;;;;;;;;;;;;;;;;;;;;;;;;;;;;;;;;;;;;;;;;;;;;;;;;
g_6007;1380;g_6007;Bewegung;679;1.0;0.615;0.7150000000000001;0.885;0.995;0.5;0.645;0.75;0.77;0.54;0.78;0.44;0.5800000000000001;0.875;0.59;0.21500000000000002;0.75;0.765;0.89;0.76;0.73;0.87;1.0;0.765;0.765;0.88;0.41000000000000003;0.48000000000000004;0.95;1.0;0.97;0.97;0.0;;;;;;;;;;;;;;;;;;;;;;;;;;;;;;;;;;;;;;;;;;;;;;;;;;;;;;;;;;;;;;;;
g_6026;1393;g_6026;Ich möchte meine Sprachkenntnisse verbessern (Englisch, Französisch, Türkisch);683;0.0;0.595;0.505;0.875;0.755;0.79;0.69;0.9550000000000001;0.75;0.625;0.55;0.39;0.775;0.7050000000000001;0.6950000000000001;0.815;0.665;0.875;0.8200000000000001;0.48500000000000004;0.705;0.6799999999999999;0.87;0.75;0.875;0.875;0.8049999999999999;0.75;1.0;0.755;0.75;0.845;0.245;;;;;;;;;;;;;;;;;;;;;;;;;;;;;;;;;;;;;;;;;;;;;;;;;;;;;;;;;;;;;;;;
g_6027;1393;g_6027;Sprachkurse machen;683;1.0;1.0;0.905;0.69;0.78;0.745;0.875;0.865;0.5900000000000001;0.7150000000000001;0.8200000000000001;0.47000000000000003;0.86;0.86;0.75;0.875;0.6;0.9450000000000001;0.9450000000000001;0.165;0.745;0.865;1.0;0.745;0.875;0.875;0.8200000000000001;0.875;0.935;0.875;0.835;0.8;0.36;;;;;;;;;;;;;;;;;;;;;;;;;;;;;;;;;;;;;;;;;;;;;;;;;;;;;;;;;;;;;;;;
g_6028;1393;g_6028;Sprechen;683;1.0;0.51;0.54;0.5;0.77;0.75;0.49;0.795;0.8300000000000001;0.44;0.54;0.255;0.43;0.63;0.9450000000000001;0.13;0.595;0.475;0.715;0.815;0.5;0.7050000000000001;0.575;0.63;0.825;0.75;0.395;0.6000000000000001;0.745;0.7250000000000001;0.5700000000000001;0.75;0.235;;;;;;;;;;;;;;;;;;;;;;;;;;;;;;;;;;;;;;;;;;;;;;;;;;;;;;;;;;;;;;;;
g_6029;1393;g_6029;Medien;683;1.0;0.505;0.395;0.35;0.6799999999999999;0.525;0.245;0.835;0.755;0.365;0.66;0.495;0.395;0.645;0.63;0.19999999999999998;0.13;0.8;0.735;0.5449999999999999;0.385;0.735;0.865;0.715;0.75;0.7050000000000001;0.395;0.75;0.655;0.445;0.45;0.49;0.38;;;;;;;;;;;;;;;;;;;;;;;;;;;;;;;;;;;;;;;;;;;;;;;;;;;;;;;;;;;;;;;;
g_6030;1393;g_6030;Regelmäßig lernen;683;1.0;0.595;0.64;0.56;0.755;0.7350000000000001;0.455;0.865;0.875;0.515;0.515;0.39;0.6950000000000001;0.635;0.7050000000000001;0.18;0.5;0.6699999999999999;0.8049999999999999;0.8200000000000001;0.5;0.74;0.875;0.615;0.875;0.8049999999999999;0.525;0.47000000000000003;0.745;0.5900000000000001;0.545;0.765;0.52;;;;;;;;;;;;;;;;;;;;;;;;;;;;;;;;;;;;;;;;;;;;;;;;;;;;;;;;;;;;;;;;
g_6042;1435;g_6042;Gut in den Klausuren abschneiden ;689;0.0;0.525;0.63;0.74;0.725;0.75;0.62;0.41000000000000003;0.725;0.63;0.88;0.27999999999999997;0.76;0.6699999999999999;0.765;0.255;0.75;0.635;0.835;0.75;0.77;0.505;0.735;0.76;0.755;0.76;0.74;0.62;0.76;0.5700000000000001;0.265;0.595;0.245;;;;;;;;;;;;;;;;;;;;;;;;;;;;;;;;;;;;;;;;;;;;;;;;;;;;;;;;;;;;;;;;
g_6068;1495;g_6068;Ich möchte Praktika machen, die mich in dem genannten Zeil weiterbringen.;694;0.0;0.415;0.985;0.99;1.0;1.0;0.245;1.0;0.835;0.31;0.56;0.11000000000000004;0.54;0.495;0.94;0.14;0.12000000000000001;0.855;0.995;0.75;0.5;0.16499999999999998;1.0;0.9099999999999999;0.9199999999999999;0.7;1.0;0.9450000000000001;0.9650000000000001;0.5700000000000001;0.89;0.995;0.005;;;;;;;;;;;;;;;;;;;;;;;;;;;;;;;;;;;;;;;;;;;;;;;;;;;;;;;;;;;;;;;;
g_6069;1495;g_6069;Praktikum in der A&O;694;1.0;0.995;0.99;0.985;1.0;1.0;0.885;1.0;0.895;0.255;0.5800000000000001;0.235;0.605;0.5700000000000001;0.815;0.15000000000000002;0.255;0.875;0.995;0.51;1.0;0.775;1.0;0.9550000000000001;0.9550000000000001;0.44;1.0;1.0;1.0;0.535;0.565;0.995;0.03;;;;;;;;;;;;;;;;;;;;;;;;;;;;;;;;;;;;;;;;;;;;;;;;;;;;;;;;;;;;;;;;
g_6070;1495;g_6070;Überblick verschaffen;694;1.0;0.0;0.38;0.99;1.0;1.0;0.49;1.0;1.0;0.38;0.9450000000000001;0.09000000000000002;0.7250000000000001;0.9450000000000001;0.7949999999999999;0.14500000000000002;0.26;0.815;0.7949999999999999;1.0;0.5;0.22000000000000003;0.995;1.0;0.9650000000000001;0.45;0.995;0.865;1.0;0.935;0.915;1.0;0.0;;;;;;;;;;;;;;;;;;;;;;;;;;;;;;;;;;;;;;;;;;;;;;;;;;;;;;;;;;;;;;;;
g_6071;1495;g_6071;Approbation offen halten;694;1.0;0.825;0.675;0.985;1.0;1.0;0.88;1.0;0.5;0.745;0.45999999999999996;0.30500000000000005;0.95;0.565;0.51;0.15499999999999997;0.385;1.0;0.995;0.75;1.0;0.895;0.995;1.0;0.975;0.94;0.995;1.0;1.0;0.5549999999999999;0.935;0.99;0.0;;;;;;;;;;;;;;;;;;;;;;;;;;;;;;;;;;;;;;;;;;;;;;;;;;;;;;;;;;;;;;;;
g_6153;1604;g_6153;Ich möchte Wissen ansammeln, das ich später brauche.;707;0.0;0.61;0.88;1.0;0.875;0.94;0.39;1.0;0.69;0.25;0.5;0.4;0.51;0.81;0.47;0.625;0.625;0.74;0.8300000000000001;0.685;0.375;0.53;0.985;0.79;0.77;0.995;0.6799999999999999;0.6000000000000001;0.985;0.875;0.75;0.915;0.0;;;;;;;;;;;;;;;;;;;;;;;;;;;;;;;;;;;;;;;;;;;;;;;;;;;;;;;;;;;;;;;;
g_6154;1604;g_6154;Studieninhalte bearbeiten;707;1.0;0.82;0.7050000000000001;0.41000000000000003;0.975;0.9299999999999999;0.43;1.0;0.5800000000000001;0.31;0.665;0.56;0.75;0.95;0.35;0.69;0.5349999999999999;0.855;0.9550000000000001;0.73;0.45499999999999996;0.52;0.985;0.55;0.73;0.975;0.79;0.635;0.89;0.775;0.505;0.8;0.0;;;;;;;;;;;;;;;;;;;;;;;;;;;;;;;;;;;;;;;;;;;;;;;;;;;;;;;;;;;;;;;;
g_6155;1604;g_6155;lesen, recherchieren;707;1.0;0.745;0.7;0.545;0.9199999999999999;0.865;0.565;1.0;0.77;0.115;0.66;0.635;0.75;0.9299999999999999;0.28;0.645;0.52;0.825;0.935;0.755;0.45499999999999996;0.51;0.985;0.5800000000000001;0.73;0.98;0.78;0.62;0.9450000000000001;0.8;0.475;0.79;0.0;;;;;;;;;;;;;;;;;;;;;;;;;;;;;;;;;;;;;;;;;;;;;;;;;;;;;;;;;;;;;;;;
g_6156;1604;g_6156;Praxiserfahrungen;707;1.0;0.965;0.885;0.835;0.995;0.94;0.78;1.0;0.685;0.09;0.275;0.355;0.485;0.845;0.615;0.655;0.56;0.56;0.73;0.5549999999999999;0.685;0.655;0.985;0.5700000000000001;0.74;0.995;0.6599999999999999;0.5800000000000001;1.0;0.875;0.75;1.0;0.0;;;;;;;;;;;;;;;;;;;;;;;;;;;;;;;;;;;;;;;;;;;;;;;;;;;;;;;;;;;;;;;;
g_6123;1588;g_6123;Die Bildung von Sozialen Kontakten die auch in Zukunft halten.;700;0.0;0.375;0.0;0.875;0.75;1.0;0.0;1.0;0.995;0.125;0.7150000000000001;0.125;0.5;0.625;1.0;0.0;0.875;0.0;0.5;0.995;0.375;0.875;0.75;0.775;0.875;1.0;1.0;0.0;0.875;1.0;0.625;1.0;0.0;;;;;;;;;;;;;;;;;;;;;;;;;;;;;;;;;;;;;;;;;;;;;;;;;;;;;;;;;;;;;;;;
g_6127;1588;g_6127;Partner finden;700;0.5;1.0;0.375;0.5;0.375;0.735;0.375;1.0;0.125;0.5;0.0;0.0;0.0;0.375;1.0;0.0;0.625;0.0;0.5;1.0;0.75;0.875;0.75;0.76;0.875;1.0;0.75;0.0;0.9550000000000001;0.25;0.875;0.89;0.035;;;;;;;;;;;;;;;;;;;;;;;;;;;;;;;;;;;;;;;;;;;;;;;;;;;;;;;;;;;;;;;;
g_6128;1588;g_6128;Enge Freunde Finden;700;0.5;0.875;0.0;0.875;0.0;1.0;0.25;1.0;0.125;0.5;0.0;0.0;0.0;0.375;1.0;0.0;0.75;0.0;0.5;1.0;0.75;0.875;0.75;0.735;0.875;1.0;1.0;0.0;0.9550000000000001;0.25;0.75;0.885;0.0;;;;;;;;;;;;;;;;;;;;;;;;;;;;;;;;;;;;;;;;;;;;;;;;;;;;;;;;;;;;;;;;
g_6129;1588;g_6129;Freundes Kreis finden;700;1.0;0.0;0.0;0.625;0.5;1.0;0.375;1.0;0.875;0.125;0.75;0.125;0.375;0.375;0.875;0.0;0.875;0.25;0.75;1.0;0.625;0.875;0.875;0.745;0.875;1.0;1.0;0.0;0.915;0.25;0.625;0.89;0.0;;;;;;;;;;;;;;;;;;;;;;;;;;;;;;;;;;;;;;;;;;;;;;;;;;;;;;;;;;;;;;;;
g_6130;1588;g_6130;Freundes Kreis finden;700;1.0;0.0;0.0;0.625;0.5;1.0;0.375;1.0;0.875;0.125;0.75;0.125;0.375;0.375;0.875;0.0;0.875;0.25;0.75;1.0;0.625;0.875;0.875;0.745;0.875;1.0;1.0;0.0;0.915;0.25;0.625;0.89;0.0;;;;;;;;;;;;;;;;;;;;;;;;;;;;;;;;;;;;;;;;;;;;;;;;;;;;;;;;;;;;;;;;
g_6214;1616;g_6214;Mein Verständnis von Psychologie verbessern und meine Berufswahl eingrenzen.;713;0.0;0.5249999999999999;0.735;1.0;0.155;1.0;0.41500000000000004;0.775;0.5;0.25;0.48000000000000004;0.13;0.49;0.6599999999999999;0.75;0.65;0.87;0.675;0.5800000000000001;0.76;0.96;0.39;0.825;0.87;1.0;1.0;1.0;0.835;1.0;0.605;1.0;1.0;0.035;;;;;;;;;;;;;;;;;;;;;;;;;;;;;;;;;;;;;;;;;;;;;;;;;;;;;;;;;;;;;;;;
g_6215;1616;g_6215;Berufswahl eingrenzen;713;0.5;0.74;1.0;0.9650000000000001;0.8200000000000001;0.9099999999999999;0.655;0.9299999999999999;0.185;0.75;0.94;0.13;0.665;0.5700000000000001;0.69;0.6399999999999999;1.0;0.69;0.6;0.645;0.96;0.26;0.615;1.0;1.0;1.0;1.0;0.99;1.0;0.645;1.0;1.0;0.025;;;;;;;;;;;;;;;;;;;;;;;;;;;;;;;;;;;;;;;;;;;;;;;;;;;;;;;;;;;;;;;;
g_6216;1616;g_6216;Psychologie lernen;713;0.3611111111111111;0.165;0.715;1.0;0.5449999999999999;0.9099999999999999;0.825;1.0;0.99;0.32;1.0;0.020000000000000018;0.8300000000000001;0.735;0.39;0.685;1.0;0.8200000000000001;0.7150000000000001;0.45;0.96;0.305;0.655;0.9450000000000001;0.97;1.0;1.0;0.99;0.995;0.6799999999999999;1.0;1.0;0.02;;;;;;;;;;;;;;;;;;;;;;;;;;;;;;;;;;;;;;;;;;;;;;;;;;;;;;;;;;;;;;;;
g_6217;1616;g_6217;Messen besuchen;713;1.0;0.585;0.615;0.055;0.44;0.7949999999999999;0.855;0.5;0.755;0.25;0.615;1.0;1.0;1.0;0.28;0.0;0.25;1.0;1.0;0.56;0.79;0.545;1.0;0.25;0.52;0.26;0.25;0.5;0.53;0.56;0.475;0.5800000000000001;0.03;;;;;;;;;;;;;;;;;;;;;;;;;;;;;;;;;;;;;;;;;;;;;;;;;;;;;;;;;;;;;;;;
g_6218;1616;g_6218;Praktika machen;713;1.0;0.655;0.89;0.41000000000000003;0.7150000000000001;0.8;0.855;0.7;0.76;0.25;0.665;0.36;0.735;1.0;0.33;0.65;0.38;0.485;0.775;0.835;0.935;0.46;1.0;0.425;0.575;0.92;0.805;0.735;0.9450000000000001;0.715;0.995;1.0;0.005;;;;;;;;;;;;;;;;;;;;;;;;;;;;;;;;;;;;;;;;;;;;;;;;;;;;;;;;;;;;;;;;
g_6219;1616;g_6219;Vorträge anhören;713;1.0;0.66;0.685;0.2;0.5900000000000001;0.6950000000000001;0.86;0.5;0.76;0.25;0.8300000000000001;1.0;1.0;1.0;0.0;0.33999999999999997;0.38;0.73;0.78;0.5;0.8049999999999999;0.46;1.0;0.25;0.53;0.32;0.5050000000000001;0.615;0.64;0.59;0.515;0.625;0.015;;;;;;;;;;;;;;;;;;;;;;;;;;;;;;;;;;;;;;;;;;;;;;;;;;;;;;;;;;;;;;;;
g_6220;1616;g_6220;Erfahrungsberichte angucken;713;1.0;0.5800000000000001;0.62;0.165;0.44;0.69;0.855;0.5;0.76;0.255;0.88;1.0;1.0;1.0;0.0;0.0;0.25;1.0;1.0;1.0;0.79;0.545;1.0;0.25;0.525;0.26;0.25;0.5;0.53;0.565;0.42500000000000004;0.5800000000000001;0.025;;;;;;;;;;;;;;;;;;;;;;;;;;;;;;;;;;;;;;;;;;;;;;;;;;;;;;;;;;;;;;;;
g_6221;1616;g_6221;Workshops machen;713;1.0;0.665;0.675;0.2;0.55;0.6950000000000001;0.86;0.5;0.76;0.245;0.835;0.87;0.89;1.0;0.27;0.0;0.34;0.65;0.71;0.45;0.8049999999999999;0.455;1.0;0.25;0.525;0.32;0.51;0.615;0.61;0.6;0.515;0.625;0.015;;;;;;;;;;;;;;;;;;;;;;;;;;;;;;;;;;;;;;;;;;;;;;;;;;;;;;;;;;;;;;;;
g_6222;1616;g_6222;Vorlesungen besuchen;713;1.0;0.99;1.0;0.425;0.81;0.8400000000000001;0.9099999999999999;0.56;0.7849999999999999;0.315;0.87;0.325;0.905;1.0;0.655;0.63;0.88;0.7949999999999999;1.0;0.925;1.0;0.72;1.0;0.485;0.675;0.745;0.63;0.16499999999999998;1.0;0.875;0.64;0.635;0.005;;;;;;;;;;;;;;;;;;;;;;;;;;;;;;;;;;;;;;;;;;;;;;;;;;;;;;;;;;;;;;;;
g_6223;1616;g_6223;gute Klausuren schreiben;713;0.6666666666666666;1.0;1.0;0.9099999999999999;1.0;0.845;1.0;0.75;0.06;1.0;0.34;0.0;0.365;0.505;0.925;0.875;1.0;0.7949999999999999;0.625;0.96;1.0;0.45;0.54;0.56;1.0;1.0;1.0;0.0;1.0;1.0;0.6950000000000001;0.75;0.005;;;;;;;;;;;;;;;;;;;;;;;;;;;;;;;;;;;;;;;;;;;;;;;;;;;;;;;;;;;;;;;;
g_6224;1616;g_6224;freiwilliges Vertiefen;713;0.6666666666666666;0.43500000000000005;0.37;0.54;0.565;0.69;0.7;0.5349999999999999;0.76;0.25;0.835;0.845;0.74;1.0;0.335;0.0;0.27;1.0;0.7849999999999999;0.7050000000000001;0.875;0.18;0.6699999999999999;0.25;0.5;0.25;0.455;0.54;0.64;0.41000000000000003;0.495;0.62;0.015;;;;;;;;;;;;;;;;;;;;;;;;;;;;;;;;;;;;;;;;;;;;;;;;;;;;;;;;;;;;;;;;
g_6225;1616;g_6225;Literatur lesen;713;1.0;0.535;0.445;0.455;0.6699999999999999;0.73;0.86;0.5;0.7849999999999999;0.24;0.825;0.044999999999999984;0.73;1.0;0.39;0.57;0.635;0.755;0.525;0.30999999999999994;0.76;0.235;0.585;0.115;0.36;0.45;0.765;0.0;0.98;0.6000000000000001;0.5;0.65;0.005;;;;;;;;;;;;;;;;;;;;;;;;;;;;;;;;;;;;;;;;;;;;;;;;;;;;;;;;;;;;;;;;
g_6226;1616;g_6226;Seminare besuchen;713;1.0;0.5800000000000001;0.51;0.37;0.545;0.705;0.86;0.5;0.7849999999999999;0.235;0.825;1.0;0.995;1.0;0.0;0.0;0.275;0.625;0.62;0.5;0.8049999999999999;0.565;1.0;0.25;0.52;0.315;0.47000000000000003;0.535;0.645;0.555;0.495;0.6000000000000001;0.01;;;;;;;;;;;;;;;;;;;;;;;;;;;;;;;;;;;;;;;;;;;;;;;;;;;;;;;;;;;;;;;;
g_6227;1616;g_6227;viel Lernen;713;1.0;0.845;0.7849999999999999;0.77;0.94;0.9550000000000001;0.905;0.71;0.995;0.0;0.97;0.135;0.775;0.88;0.9;0.85;0.8300000000000001;0.925;0.9550000000000001;0.88;1.0;0.33;0.51;0.185;0.55;0.775;0.94;0.0;1.0;0.915;0.5;1.0;0.235;;;;;;;;;;;;;;;;;;;;;;;;;;;;;;;;;;;;;;;;;;;;;;;;;;;;;;;;;;;;;;;;
g_6228;1616;g_6228;konsequentes Mitarbeiten;713;1.0;0.73;0.625;0.625;0.9;0.925;0.815;0.715;0.98;0.0;0.97;0.135;0.775;0.88;0.9;0.85;0.8300000000000001;0.9550000000000001;0.935;0.875;1.0;0.335;0.635;0.46;0.6000000000000001;0.8300000000000001;0.935;0.0;1.0;0.775;0.5;1.0;0.175;;;;;;;;;;;;;;;;;;;;;;;;;;;;;;;;;;;;;;;;;;;;;;;;;;;;;;;;;;;;;;;;
g_6229;1616;g_6229;strukturiertes Arbeiten;713;1.0;0.855;0.625;0.815;0.92;0.9450000000000001;0.73;0.725;0.99;0.0;0.97;0.135;0.775;0.88;0.9;0.85;0.835;0.41;0.43;0.69;1.0;0.33;0.495;0.46;0.605;0.825;0.94;0.0;1.0;0.87;0.5;1.0;0.175;;;;;;;;;;;;;;;;;;;;;;;;;;;;;;;;;;;;;;;;;;;;;;;;;;;;;;;;;;;;;;;;
g_6193;1615;g_6193;Ich möchte Freund:innen und Erfahrungen für das Leben finden/sammeln.;711;0.0;0.5;0.41000000000000003;0.77;0.555;0.675;0.32;0.795;0.88;0.29500000000000004;0.635;0.315;0.355;0.58;0.6000000000000001;0.74;0.61;0.45499999999999996;0.63;0.51;0.31499999999999995;0.395;0.71;0.765;0.7;0.6100000000000001;0.44999999999999996;0.73;0.775;0.345;0.45499999999999996;0.6699999999999999;0.34;;;;;;;;;;;;;;;;;;;;;;;;;;;;;;;;;;;;;;;;;;;;;;;;;;;;;;;;;;;;;;;;
g_6194;1615;g_6194;Soziale Aktivitäten;711;0.5;0.495;0.36;0.48;0.69;0.645;0.48;0.795;0.5900000000000001;0.42999999999999994;0.6000000000000001;0.455;0.525;0.5700000000000001;0.495;0.605;0.56;0.62;0.615;0.5700000000000001;0.625;0.45999999999999996;0.605;0.41000000000000003;0.6399999999999999;0.595;0.465;0.525;0.49;0.585;0.4;0.46;0.39;;;;;;;;;;;;;;;;;;;;;;;;;;;;;;;;;;;;;;;;;;;;;;;;;;;;;;;;;;;;;;;;
g_6195;1615;g_6195;Sport;711;1.0;0.48;0.365;0.605;0.5700000000000001;0.5700000000000001;0.515;0.6799999999999999;0.575;0.33;0.53;0.47;0.575;0.515;0.525;0.53;0.49;0.6;0.535;0.52;0.5349999999999999;0.5149999999999999;0.625;0.665;0.595;0.53;0.6;0.655;0.655;0.515;0.54;0.485;0.45499999999999996;;;;;;;;;;;;;;;;;;;;;;;;;;;;;;;;;;;;;;;;;;;;;;;;;;;;;;;;;;;;;;;;
g_6196;1615;g_6196;Fachschaft Aktionen;711;1.0;0.49;0.365;0.28;0.48;0.43500000000000005;0.595;0.685;0.58;0.425;0.44;0.555;0.62;0.54;0.52;0.565;0.48;0.635;0.47000000000000003;0.54;0.5;0.51;0.5700000000000001;0.28;0.31;0.315;0.37;0.35;0.325;0.38;0.275;0.33;0.45999999999999996;;;;;;;;;;;;;;;;;;;;;;;;;;;;;;;;;;;;;;;;;;;;;;;;;;;;;;;;;;;;;;;;
g_6197;1615;g_6197;Links & Rechts schauen;711;0.5;0.335;0.365;0.66;0.6799999999999999;0.725;0.325;0.7949999999999999;0.875;0.3;0.645;0.405;0.39;0.525;0.505;0.41000000000000003;0.495;0.5800000000000001;0.56;0.5800000000000001;0.6399999999999999;0.51;0.665;0.5;0.67;0.585;0.585;0.6299999999999999;0.71;0.5;0.585;0.71;0.35;;;;;;;;;;;;;;;;;;;;;;;;;;;;;;;;;;;;;;;;;;;;;;;;;;;;;;;;;;;;;;;;
g_6198;1615;g_6198;Offenheit;711;1.0;0.4;0.375;0.59;0.745;0.6499999999999999;0.345;0.685;0.735;0.31000000000000005;0.5800000000000001;0.47000000000000003;0.435;0.485;0.56;0.43000000000000005;0.48;0.495;0.525;0.505;0.44499999999999995;0.485;0.71;0.76;0.645;0.6;0.6100000000000001;0.64;0.62;0.525;0.5700000000000001;0.615;0.375;;;;;;;;;;;;;;;;;;;;;;;;;;;;;;;;;;;;;;;;;;;;;;;;;;;;;;;;;;;;;;;;
g_6199;1615;g_6199;Spontanität;711;1.0;0.395;0.37;0.465;0.745;0.655;0.345;0.685;0.675;0.32499999999999996;0.595;0.41000000000000003;0.48500000000000004;0.5549999999999999;0.56;0.61;0.48;0.505;0.53;0.5900000000000001;0.495;0.48;0.6499999999999999;0.56;0.5449999999999999;0.55;0.43000000000000005;0.545;0.55;0.5;0.42;0.61;0.375;;;;;;;;;;;;;;;;;;;;;;;;;;;;;;;;;;;;;;;;;;;;;;;;;;;;;;;;;;;;;;;;
g_6200;1615;g_6200;Mut zeigen;711;1.0;0.4;0.365;0.47500000000000003;0.735;0.725;0.335;0.645;0.635;0.31000000000000005;0.47000000000000003;0.39;0.44;0.5;0.64;0.43500000000000005;0.54;0.47;0.565;0.595;0.44999999999999996;0.48000000000000004;0.595;0.53;0.645;0.575;0.36;0.43;0.56;0.555;0.42000000000000004;0.605;0.385;;;;;;;;;;;;;;;;;;;;;;;;;;;;;;;;;;;;;;;;;;;;;;;;;;;;;;;;;;;;;;;;
g_6201;1615;g_6201;Initiative zeigen;711;1.0;0.485;0.365;0.595;0.61;0.5700000000000001;0.6;0.57;0.59;0.355;0.5349999999999999;0.41500000000000004;0.485;0.53;0.53;0.5;0.48500000000000004;0.5449999999999999;0.475;0.62;0.46499999999999997;0.5549999999999999;0.665;0.62;0.63;0.5449999999999999;0.46499999999999997;0.41500000000000004;0.62;0.525;0.52;0.61;0.4;;;;;;;;;;;;;;;;;;;;;;;;;;;;;;;;;;;;;;;;;;;;;;;;;;;;;;;;;;;;;;;;
g_6253;1619;g_6253;ich möchte mein Studium in der vorgesehenen Zeit abschließen;717;0.0;1.0;1.0;0.505;0.755;0.625;0.75;0.9;0.505;0.505;0.76;0.25;0.5;0.505;0.755;0.615;0.88;0.865;0.625;0.25;0.75;0.505;0.755;0.42;0.5;1.0;0.625;0.5;0.755;0.5;0.5;0.75;0.0;;;;;;;;;;;;;;;;;;;;;;;;;;;;;;;;;;;;;;;;;;;;;;;;;;;;;;;;;;;;;;;;
g_6300;1662;g_6300;Ich möchte mir möglichst wenig Druck bei Klasusuren oder Ähnlichem machen.;726;0.0;0.375;0.585;1.0;1.0;1.0;0.195;0.0;0.53;0.6000000000000001;0.89;0.42;0.5800000000000001;0.605;0.54;0.07999999999999999;0.965;0.865;0.79;0.87;0.74;0.64;0.73;0.87;0.95;1.0;1.0;0.895;0.95;0.895;1.0;0.9450000000000001;0.245;;;;;;;;;;;;;;;;;;;;;;;;;;;;;;;;;;;;;;;;;;;;;;;;;;;;;;;;;;;;;;;;
g_6301;1662;g_6301;Ausgleich finden;726;0.5;0.345;0.6;0.79;1.0;1.0;0.08;0.5;0.655;0.16;0.81;0.45499999999999996;0.585;0.8200000000000001;0.585;0.10500000000000001;0.95;0.8300000000000001;0.8;0.7849999999999999;0.6950000000000001;0.465;0.74;0.76;0.855;0.9199999999999999;0.95;0.79;0.9299999999999999;0.89;0.36;0.79;0.15;;;;;;;;;;;;;;;;;;;;;;;;;;;;;;;;;;;;;;;;;;;;;;;;;;;;;;;;;;;;;;;;
g_6302;1662;g_6302;Zeit lassen;726;0.5;0.345;0.595;0.755;1.0;1.0;0.08;0.5;0.665;0.16999999999999998;0.765;0.41500000000000004;0.5249999999999999;0.62;0.6;0.10500000000000001;0.9450000000000001;0.8300000000000001;0.89;0.7849999999999999;0.73;0.5900000000000001;0.735;0.86;0.855;0.9199999999999999;0.97;0.77;0.87;0.87;0.355;0.865;0.305;;;;;;;;;;;;;;;;;;;;;;;;;;;;;;;;;;;;;;;;;;;;;;;;;;;;;;;;;;;;;;;;
g_6303;1662;g_6303;während Semster lernen;726;1.0;0.5549999999999999;0.74;0.6;1.0;1.0;0.75;0.5;0.40499999999999997;0.395;0.975;0.07;0.54;0.615;0.56;0.65;0.7;0.865;1.0;1.0;0.73;0.45499999999999996;0.825;0.64;0.9199999999999999;0.905;1.0;0.73;0.41500000000000004;0.905;0.71;0.655;0.22;;;;;;;;;;;;;;;;;;;;;;;;;;;;;;;;;;;;;;;;;;;;;;;;;;;;;;;;;;;;;;;;
g_6304;1662;g_6304;nur so viele Module wie ich schaffe;726;1.0;0.355;0.5549999999999999;0.325;1.0;1.0;0.075;0.055;0.62;0.44;0.8600000000000001;0.19;0.425;0.985;0.7050000000000001;0.075;0.94;0.99;1.0;0.8049999999999999;0.895;0.8049999999999999;0.8899999999999999;0.69;0.84;0.96;1.0;0.77;0.47;0.935;0.755;0.645;0.265;;;;;;;;;;;;;;;;;;;;;;;;;;;;;;;;;;;;;;;;;;;;;;;;;;;;;;;;;;;;;;;;
g_6305;1662;g_6305;Yoga;726;1.0;0.54;0.5700000000000001;0.69;0.925;1.0;0.665;0.97;0.505;0.14;0.9450000000000001;0.315;0.9199999999999999;0.925;0.215;0.56;0.91;0.9199999999999999;1.0;0.855;0.73;0.54;0.97;0.915;0.97;0.865;1.0;0.875;0.8049999999999999;0.67;0.5800000000000001;0.74;0.08;;;;;;;;;;;;;;;;;;;;;;;;;;;;;;;;;;;;;;;;;;;;;;;;;;;;;;;;;;;;;;;;
g_6306;1662;g_6306;Meditation;726;1.0;0.535;0.565;0.39;0.935;1.0;0.755;0.96;0.545;0.18;0.95;0.595;0.9550000000000001;0.935;0.26;0.505;0.675;0.935;1.0;1.0;0.58;0.81;0.97;0.855;0.9550000000000001;0.795;1.0;0.7849999999999999;0.5449999999999999;0.625;0.29;0.7250000000000001;0.05;;;;;;;;;;;;;;;;;;;;;;;;;;;;;;;;;;;;;;;;;;;;;;;;;;;;;;;;;;;;;;;;
g_6307;1662;g_6307;Gitarre;726;1.0;0.43000000000000005;0.54;0.655;0.935;1.0;0.585;1.0;0.475;0.31;0.865;0.26999999999999996;0.59;0.8999999999999999;0.47;0.24;0.95;0.915;0.98;0.655;0.8049999999999999;0.375;0.8200000000000001;0.845;0.94;0.895;1.0;0.875;0.41500000000000004;0.6699999999999999;0.46;0.625;0.14500000000000002;;;;;;;;;;;;;;;;;;;;;;;;;;;;;;;;;;;;;;;;;;;;;;;;;;;;;;;;;;;;;;;;
g_6308;1662;g_6308;Unternehmungen (mit Freunden);726;1.0;0.32;0.44999999999999996;0.235;0.97;0.99;0.355;0.88;0.815;0.13;0.76;0.08500000000000002;0.6000000000000001;0.525;0.8500000000000001;0.06499999999999999;0.89;0.86;0.975;0.6699999999999999;0.73;0.36000000000000004;0.815;0.7;0.7749999999999999;0.755;0.995;0.76;0.55;0.65;0.28;0.745;0.22;;;;;;;;;;;;;;;;;;;;;;;;;;;;;;;;;;;;;;;;;;;;;;;;;;;;;;;;;;;;;;;;
g_6311;1665;g_6311;Ich möchte mein Studium schaffen;728;0.0;0.875;0.9650000000000001;0.9299999999999999;0.5;0.875;0.69;1.0;0.82;0.655;0.58;0.030000000000000027;0.335;0.985;0.635;0.53;0.87;0.76;0.765;0.39;0.9299999999999999;0.28;0.7849999999999999;0.6000000000000001;0.915;1.0;1.0;0.5900000000000001;1.0;0.99;0.97;0.985;0.005;;;;;;;;;;;;;;;;;;;;;;;;;;;;;;;;;;;;;;;;;;;;;;;;;;;;;;;;;;;;;;;;
g_6312;1665;g_6312;Gute Noten bekommen;728;1.0;0.865;0.925;0.875;1.0;0.875;0.69;0.995;0.8300000000000001;0.6699999999999999;0.61;0.030000000000000027;0.32;0.99;0.75;0.525;0.87;0.76;0.765;0.75;0.9299999999999999;0.28;0.7849999999999999;0.605;0.9199999999999999;1.0;1.0;0.5700000000000001;1.0;1.0;0.965;0.975;0.01;;;;;;;;;;;;;;;;;;;;;;;;;;;;;;;;;;;;;;;;;;;;;;;;;;;;;;;;;;;;;;;;
g_6313;1665;g_6313;Nachts lernen;728;1.0;0.84;0.29000000000000004;0.5;1.0;0.75;0.5;0.995;0.895;0.615;0.6;0.08000000000000002;0.45499999999999996;0.915;0.51;0.285;0.40499999999999997;0.515;0.5;0.745;0.52;0.35000000000000003;0.77;0.5800000000000001;0.45999999999999996;0.6799999999999999;0.37999999999999995;0.04999999999999998;0.7;0.5;0.52;0.74;0.615;;;;;;;;;;;;;;;;;;;;;;;;;;;;;;;;;;;;;;;;;;;;;;;;;;;;;;;;;;;;;;;;
g_6314;1665;g_6314;Spaß haben;728;1.0;0.775;0.25;0.53;0.435;0.5;0.5349999999999999;0.86;0.355;0.375;0.5900000000000001;0.5700000000000001;0.6799999999999999;0.79;0.09000000000000001;0.39;0.56;0.515;0.5;0.16999999999999998;0.51;0.395;0.81;0.5700000000000001;0.595;0.525;0.45499999999999996;0.675;0.48;0.5;0.32999999999999996;0.665;0.5349999999999999;;;;;;;;;;;;;;;;;;;;;;;;;;;;;;;;;;;;;;;;;;;;;;;;;;;;;;;;;;;;;;;;
g_5669;1211;g_5669;Strukturierter Arbeiten;629;0.0;0.495;0.76;1.0;1.0;1.0;0.255;0.995;0.63;0.505;0.265;0.010000000000000009;0.13;0.49;0.865;0.245;0.75;0.24;0.75;0.625;0.745;0.13;0.765;0.875;1.0;1.0;0.87;0.5;1.0;0.495;0.995;1.0;0.0;;;;;;;;;;;;;;;;;;;;;;;;;;;;;;;;;;;;;;;;;;;;;;;;;;;;;;;;;;;;;;;;
g_5670;1211;g_5670;Zusammenfassung durchblättern, Überblick;629;0.5;0.495;0.76;0.635;1.0;0.75;0.255;1.0;0.625;0.505;0.495;0.0;0.385;0.74;0.865;0.245;0.265;0.245;0.87;0.25;0.125;0.5;0.75;0.5;0.885;1.0;0.63;0.52;0.755;0.125;0.375;0.5;0.0;;;;;;;;;;;;;;;;;;;;;;;;;;;;;;;;;;;;;;;;;;;;;;;;;;;;;;;;;;;;;;;;
g_5671;1211;g_5671;Tages und Wochenziele;629;1.0;0.625;0.75;1.0;1.0;1.0;0.25;1.0;0.63;0.255;0.72;0.0;0.125;0.755;0.875;0.245;0.74;0.5;0.745;0.625;0.76;0.25;0.75;0.88;1.0;1.0;0.625;0.625;1.0;0.125;1.0;1.0;0.0;;;;;;;;;;;;;;;;;;;;;;;;;;;;;;;;;;;;;;;;;;;;;;;;;;;;;;;;;;;;;;;;
g_5672;1211;g_5672;Wiederholen;629;1.0;0.505;0.755;0.63;1.0;0.745;0.25;1.0;0.625;0.51;0.25;0.0;0.375;0.5;0.875;0.255;0.265;0.5;0.88;0.62;0.755;0.12;0.75;0.13;0.865;1.0;0.625;0.495;0.63;0.37;0.395;0.865;0.0;;;;;;;;;;;;;;;;;;;;;;;;;;;;;;;;;;;;;;;;;;;;;;;;;;;;;;;;;;;;;;;;
g_5673;1211;g_5673;Probefragen;629;1.0;0.495;0.75;0.255;1.0;0.75;0.26;1.0;0.63;0.505;0.25;0.0;0.125;0.495;0.875;0.245;0.25;0.245;0.755;0.625;0.13;0.13;0.625;0.0;0.5;0.505;0.365;0.125;0.0;0.12;0.005;0.5;0.0;;;;;;;;;;;;;;;;;;;;;;;;;;;;;;;;;;;;;;;;;;;;;;;;;;;;;;;;;;;;;;;;
g_5674;1211;g_5674;Oberbegriffe der Themen sammeln;629;1.0;0.87;0.76;0.27;1.0;1.0;0.63;1.0;0.63;0.51;0.26;0.0;0.38;0.75;0.87;0.245;0.255;0.75;0.88;0.625;0.13;0.13;0.75;0.5;0.875;0.755;0.62;0.255;0.0;0.125;0.005;0.5;0.0;;;;;;;;;;;;;;;;;;;;;;;;;;;;;;;;;;;;;;;;;;;;;;;;;;;;;;;;;;;;;;;;
g_5697;1227;g_5697;Das ich mir selbst Arbeitsstrukturen aufgebaut habe, die gut für meine mentale Gesundheit und Produktivität sind.;633;0.0;0.16499999999999998;0.33;1.0;0.195;0.7;0.175;0.75;0.925;0.08499999999999999;0.885;0.31;0.41500000000000004;0.63;0.9550000000000001;0.675;0.965;0.42;0.505;0.72;0.87;0.6799999999999999;0.62;0.87;1.0;1.0;0.9450000000000001;0.495;1.0;0.51;0.9650000000000001;1.0;0.065;;;;;;;;;;;;;;;;;;;;;;;;;;;;;;;;;;;;;;;;;;;;;;;;;;;;;;;;;;;;;;;;
g_5698;1227;g_5698;Tagesstruktur;633;0.39999999999999997;0.77;0.685;0.855;0.725;1.0;0.76;0.8;0.345;0.5549999999999999;0.895;0.5700000000000001;0.745;0.815;0.795;0.8400000000000001;0.875;0.42;0.5;0.9199999999999999;0.915;0.7849999999999999;0.645;0.595;0.615;0.89;0.9450000000000001;0.37;0.8400000000000001;0.505;0.8049999999999999;0.845;0.22499999999999998;;;;;;;;;;;;;;;;;;;;;;;;;;;;;;;;;;;;;;;;;;;;;;;;;;;;;;;;;;;;;;;;
g_5699;1227;g_5699;Konkret Tagesziele festlegen;633;1.0;0.965;0.7350000000000001;0.53;0.97;1.0;0.915;0.925;0.22499999999999998;0.88;0.96;0.69;0.995;0.925;0.33;1.0;0.94;0.455;0.5;1.0;0.6;1.0;0.935;0.495;0.7150000000000001;0.905;0.95;0.53;0.845;0.53;0.6950000000000001;0.81;0.0;;;;;;;;;;;;;;;;;;;;;;;;;;;;;;;;;;;;;;;;;;;;;;;;;;;;;;;;;;;;;;;;
g_5700;1227;g_5700;Alltagsroutine aufbauen;633;0.6666666666666666;0.7550000000000001;0.3;0.8500000000000001;0.8400000000000001;1.0;0.85;0.88;0.71;0.635;0.925;0.43999999999999995;0.725;0.655;0.875;0.975;0.985;0.45;0.535;1.0;0.9199999999999999;1.0;0.6699999999999999;0.885;0.725;0.975;1.0;0.54;0.965;0.45;0.94;0.89;0.2;;;;;;;;;;;;;;;;;;;;;;;;;;;;;;;;;;;;;;;;;;;;;;;;;;;;;;;;;;;;;;;;
g_5701;1227;g_5701;Relativ feste Auftehzeit;633;1.0;0.9199999999999999;0.6950000000000001;0.325;0.8799999999999999;0.8200000000000001;0.925;0.5700000000000001;0.235;0.69;0.75;0.53;0.715;0.635;0.275;0.915;0.575;0.315;0.5;0.99;0.745;1.0;1.0;0.49;0.45999999999999996;0.41000000000000003;0.8200000000000001;0.53;0.585;0.52;0.25;0.5;0.245;;;;;;;;;;;;;;;;;;;;;;;;;;;;;;;;;;;;;;;;;;;;;;;;;;;;;;;;;;;;;;;;
g_5702;1227;g_5702;Feste Zeiträume zum arbeiten;633;1.0;0.9099999999999999;0.71;0.48;0.96;1.0;1.0;0.745;0.235;0.7050000000000001;0.72;0.32;0.72;0.64;0.855;0.9550000000000001;0.8200000000000001;0.375;0.5700000000000001;1.0;0.86;0.89;0.6499999999999999;0.69;0.745;0.89;1.0;0.51;0.905;0.45;0.765;0.845;0.255;;;;;;;;;;;;;;;;;;;;;;;;;;;;;;;;;;;;;;;;;;;;;;;;;;;;;;;;;;;;;;;;
g_5703;1227;g_5703;Klarer Feierabend/ Zeiten für Freizeit;633;1.0;0.9099999999999999;0.7;0.475;0.9650000000000001;1.0;0.935;0.925;0.22999999999999998;0.675;0.7250000000000001;0.39;0.72;0.64;0.305;0.8;0.505;0.38;0.535;0.875;0.76;0.8700000000000001;0.84;0.575;0.9099999999999999;0.8200000000000001;0.95;0.5;1.0;0.515;0.25;0.595;0.25;;;;;;;;;;;;;;;;;;;;;;;;;;;;;;;;;;;;;;;;;;;;;;;;;;;;;;;;;;;;;;;;
g_5704;1227;g_5704;Tägliches Tagebuch und Kalender führen;633;1.0;1.0;0.7;0.455;0.885;1.0;1.0;1.0;0.435;0.635;1.0;0.875;1.0;1.0;0.22;1.0;0.91;0.28500000000000003;0.5;1.0;0.61;1.0;1.0;0.925;1.0;0.98;1.0;0.565;0.97;0.5900000000000001;0.875;1.0;0.0;;;;;;;;;;;;;;;;;;;;;;;;;;;;;;;;;;;;;;;;;;;;;;;;;;;;;;;;;;;;;;;;
g_5705;1227;g_5705;Hobbies und Freizeit planen;633;0.5;0.495;0.7050000000000001;0.31;0.775;0.89;0.445;0.78;0.43000000000000005;0.375;0.645;0.405;0.71;0.795;0.56;0.39;0.595;0.33999999999999997;0.5;1.0;0.64;0.79;0.815;0.37;0.43;0.38;0.605;0.48;0.525;0.505;0.25;0.54;0.25;;;;;;;;;;;;;;;;;;;;;;;;;;;;;;;;;;;;;;;;;;;;;;;;;;;;;;;;;;;;;;;;
g_5706;1227;g_5706;Feste Wöchentliche Termine zum Sport machen mit anderen Menschen;633;1.0;0.9099999999999999;0.715;0.48;0.725;0.63;1.0;0.96;0.035;0.895;0.845;0.38;0.625;0.6499999999999999;0.85;0.12;0.565;0.41000000000000003;0.6950000000000001;0.35000000000000003;0.8200000000000001;0.6;0.6299999999999999;0.61;0.7150000000000001;0.74;0.8300000000000001;0.5449999999999999;0.815;0.355;0.33499999999999996;0.665;0.22;;;;;;;;;;;;;;;;;;;;;;;;;;;;;;;;;;;;;;;;;;;;;;;;;;;;;;;;;;;;;;;;
g_5707;1227;g_5707;konkret Planen wann ich welchem Hobbie nachgehe;633;1.0;0.745;0.725;0.48;0.735;0.6499999999999999;0.615;0.7949999999999999;0.03;0.425;0.6950000000000001;0.49500000000000005;0.5700000000000001;0.94;0.385;0.685;0.6499999999999999;0.37;0.5;0.9450000000000001;0.54;0.8200000000000001;0.615;0.405;0.435;0.375;0.595;0.48;0.53;0.525;0.25;0.5349999999999999;0.25;;;;;;;;;;;;;;;;;;;;;;;;;;;;;;;;;;;;;;;;;;;;;;;;;;;;;;;;;;;;;;;;
g_5708;1227;g_5708;Prokrastination vermeiden;633;0.5;0.37;0.47;0.95;0.48;1.0;0.5;0.0;0.8049999999999999;0.24000000000000002;0.7949999999999999;0.15500000000000003;0.5449999999999999;0.425;1.0;0.4;1.0;0.565;0.585;0.8200000000000001;0.88;0.81;0.42;0.9099999999999999;0.875;1.0;1.0;0.5449999999999999;1.0;0.505;0.9650000000000001;1.0;0.28;;;;;;;;;;;;;;;;;;;;;;;;;;;;;;;;;;;;;;;;;;;;;;;;;;;;;;;;;;;;;;;;
g_5709;1227;g_5709;Bewusst auf Langzeitresultate fokussieren;633;1.0;0.505;0.32;0.885;0.585;0.9299999999999999;0.14;0.855;0.9299999999999999;0.07;0.78;0.10999999999999999;0.245;0.665;1.0;0.48000000000000004;0.91;0.55;0.51;0.81;0.7050000000000001;0.625;0.53;0.88;0.9099999999999999;1.0;0.71;0.5249999999999999;0.995;0.56;0.5700000000000001;0.99;0.21000000000000002;;;;;;;;;;;;;;;;;;;;;;;;;;;;;;;;;;;;;;;;;;;;;;;;;;;;;;;;;;;;;;;;
g_5710;1227;g_5710;Automatische Denkmuster verändern;633;1.0;0.505;0.32999999999999996;0.835;0.585;0.925;0.115;0.85;0.9299999999999999;0.07500000000000001;0.79;0.09000000000000002;0.19;0.595;0.9299999999999999;0.48000000000000004;0.91;0.55;0.505;0.8049999999999999;0.7050000000000001;0.6299999999999999;0.53;0.885;0.915;1.0;0.745;0.52;0.935;0.625;0.5700000000000001;0.995;0.28500000000000003;;;;;;;;;;;;;;;;;;;;;;;;;;;;;;;;;;;;;;;;;;;;;;;;;;;;;;;;;;;;;;;;
g_6136;1594;g_6136;Fähigkeit, stark umzudenken, und immer persönlich zu expandieren, niemals stagnieren.;702;0.0;0.495;0.75;0.735;1.0;1.0;0.195;0.5;0.245;0.3;0.875;0.0;0.375;1.0;1.0;0.625;0.125;0.755;0.8400000000000001;0.755;0.75;0.34;0.375;1.0;1.0;0.75;0.9450000000000001;0.5900000000000001;1.0;1.0;1.0;1.0;0.415;;;;;;;;;;;;;;;;;;;;;;;;;;;;;;;;;;;;;;;;;;;;;;;;;;;;;;;;;;;;;;;;
g_6137;1594;g_6137;genau das tun durch alles was es zu essen gibt;702;1.0;0.295;0.505;0.5;1.0;0.87;0.565;0.9;0.62;0.36;0.995;0.0;0.755;0.8200000000000001;1.0;0.625;0.37;0.75;0.735;0.125;0.5;0.8200000000000001;0.74;1.0;0.625;0.5;0.335;0.475;0.77;0.675;0.0;0.06;0.875;;;;;;;;;;;;;;;;;;;;;;;;;;;;;;;;;;;;;;;;;;;;;;;;;;;;;;;;;;;;;;;;
g_6265;1634;g_6265;Gute Noten Schreiben. ;722;0.0;0.915;0.0;0.37;0.99;0.95;1.0;1.0;0.565;0.995;1.0;0.72;1.0;0.995;0.0;0.87;0.5;1.0;1.0;1.0;0.95;0.62;1.0;0.8200000000000001;0.98;1.0;1.0;0.61;0.77;0.125;0.61;0.33;0.985;;;;;;;;;;;;;;;;;;;;;;;;;;;;;;;;;;;;;;;;;;;;;;;;;;;;;;;;;;;;;;;;
g_6266;1634;g_6266;Immer Vorlesung Nacharbeiten;722;1.0;0.97;0.0;0.375;0.345;0.5;0.8;1.0;0.135;0.495;1.0;0.25;0.995;0.995;0.23;0.495;0.15;1.0;1.0;1.0;0.08;0.145;1.0;0.5;0.8300000000000001;0.715;0.65;0.5349999999999999;0.265;0.5;0.33999999999999997;0.315;0.585;;;;;;;;;;;;;;;;;;;;;;;;;;;;;;;;;;;;;;;;;;;;;;;;;;;;;;;;;;;;;;;;
g_6267;1634;g_6267;Immer einen 1-er Schnitt haben jedes Semester;722;1.0;1.0;0.0;0.365;0.7;0.895;1.0;1.0;0.13;1.0;1.0;0.24;1.0;0.995;0.225;0.495;0.32999999999999996;0.895;0.95;1.0;0.94;0.63;1.0;0.86;0.9650000000000001;1.0;1.0;0.595;0.535;0.125;0.75;0.32;0.98;;;;;;;;;;;;;;;;;;;;;;;;;;;;;;;;;;;;;;;;;;;;;;;;;;;;;;;;;;;;;;;;
g_6268;1634;g_6268;Effizient lernen;722;1.0;0.13;0.0;0.49;0.66;0.65;0.0;1.0;0.575;0.005;0.5;0.5700000000000001;0.76;0.995;0.875;0.495;0.875;0.875;0.9550000000000001;1.0;0.04;0.49;1.0;0.27;0.71;1.0;0.5;0.33;0.875;1.0;1.0;0.995;0.0;;;;;;;;;;;;;;;;;;;;;;;;;;;;;;;;;;;;;;;;;;;;;;;;;;;;;;;;;;;;;;;;
