id;reverse_coded;priority;subscale_english;subscale_german;factor_english;factor_german;item_english;item_german;explanation_german
1;0;1;Structural Subscale;Subskala Strukturelle Eigenschaften;Content Specificity ;Spezifizität des Inhalts;This goal has a clearly defined outcome or final state.;Dieses Ziel hat ein klar definiertes Ergebnis oder einen klar definierten Endzustand.;Die Dimension „Inhaltliche Spezifizität“ beschreibt, wie präzise ein Ziel definiert ist. Forschungen von den Organisationspsychologen Latham und Locke haben gezeigt, dass ein präzise definiertes Ziel mit höherer Wahrscheinlichkeit erreicht wird als ein vage definiertes Ziel.
2;1;4;Structural Subscale;Subskala Strukturelle Eigenschaften;Content Specificity ;Spezifizität des Inhalts;I am not sure where this goal will lead me.;Ich bin mir nicht sicher, wohin mich dieses Ziel führen wird.;Die Dimension „Inhaltliche Spezifizität“ beschreibt, wie präzise ein Ziel definiert ist. Forschungen von den Organisationspsychologen Latham und Locke haben gezeigt, dass ein präzise definiertes Ziel mit höherer Wahrscheinlichkeit erreicht wird als ein vage definiertes Ziel.
3;0;5;Structural Subscale;Subskala Strukturelle Eigenschaften;Content Specificity ;Spezifizität des Inhalts;This goal is related to concrete actions.;Dieses Ziel hängt mit konkreten Aktionen zusammen.;Die Dimension „Inhaltliche Spezifizität“ beschreibt, wie präzise ein Ziel definiert ist. Forschungen von den Organisationspsychologen Latham und Locke haben gezeigt, dass ein präzise definiertes Ziel mit höherer Wahrscheinlichkeit erreicht wird als ein vage definiertes Ziel.
4;1;2;Structural Subscale;Subskala Strukturelle Eigenschaften;Content Specificity ;Spezifizität des Inhalts;The outcome or final state of this goal is only vaguely defined.;Das Ergebnis oder der Endzustand dieses Ziels ist nur vage definiert.;Die Dimension „Inhaltliche Spezifizität“ beschreibt, wie präzise ein Ziel definiert ist. Forschungen von den Organisationspsychologen Latham und Locke haben gezeigt, dass ein präzise definiertes Ziel mit höherer Wahrscheinlichkeit erreicht wird als ein vage definiertes Ziel.
5;1;3;Structural Subscale;Subskala Strukturelle Eigenschaften;Content Specificity ;Spezifizität des Inhalts;I cannot describe this goal precisely.;Ich kann dieses Ziel nicht exakt beschreiben.;Die Dimension „Inhaltliche Spezifizität“ beschreibt, wie präzise ein Ziel definiert ist. Forschungen von den Organisationspsychologen Latham und Locke haben gezeigt, dass ein präzise definiertes Ziel mit höherer Wahrscheinlichkeit erreicht wird als ein vage definiertes Ziel.
6;1;3;Structural Subscale;Subskala Strukturelle Eigenschaften;Time Specificity;Zeitliche Spezifizität;I don't have a target date for when I want to attain this goal.;Ich habe kein Zieldatum, an dem ich dieses Ziel erreichen möchte.;Die Dimension „Zeitliche Spezifizität“ beschreibt wie klar der zeitliche Rahmen zur Erreichung eines Zieles definiert ist. Es ist förderlich für die Zielerreichung wenn man sich klare Deadlines setzt. Ebenfalls hilfreich sind „Implementation Intentions“ bei denen man sich schon beim Planen überlegt zu welchem Zeitpunkt man etwas erledigen möchte, idealerweise verknüpft mit einem auslösenden anderen Ereignis.
7;0;4;Structural Subscale;Subskala Strukturelle Eigenschaften;Time Specificity;Zeitliche Spezifizität;I have a clear deadline by which I want to attain this goal.;Ich habe eine klare Frist, bis zu der ich dieses Ziel erreichen möchte.;Die Dimension „Zeitliche Spezifizität“ beschreibt wie klar der zeitliche Rahmen zur Erreichung eines Zieles definiert ist. Es ist förderlich für die Zielerreichung wenn man sich klare Deadlines setzt. Ebenfalls hilfreich sind „Implementation Intentions“ bei denen man sich schon beim Planen überlegt zu welchem Zeitpunkt man etwas erledigen möchte, idealerweise verknüpft mit einem auslösenden anderen Ereignis.
8;0;2;Structural Subscale;Subskala Strukturelle Eigenschaften;Time Specificity;Zeitliche Spezifizität;I intend to achieve this goal within a specific amount of time.;Ich beabsichtige dieses Ziel innerhalb einer bestimmten Zeitspanne zu erreichen.;Die Dimension „Zeitliche Spezifizität“ beschreibt wie klar der zeitliche Rahmen zur Erreichung eines Zieles definiert ist. Es ist förderlich für die Zielerreichung wenn man sich klare Deadlines setzt. Ebenfalls hilfreich sind „Implementation Intentions“ bei denen man sich schon beim Planen überlegt zu welchem Zeitpunkt man etwas erledigen möchte, idealerweise verknüpft mit einem auslösenden anderen Ereignis.
9;0;1;Structural Subscale;Subskala Strukturelle Eigenschaften;Time Specificity;Zeitliche Spezifizität;This goal should be achieved by a specific time.;Dieses Ziel sollte zu einem bestimmten Zeitpunkt erreicht sein.;Die Dimension „Zeitliche Spezifizität“ beschreibt wie klar der zeitliche Rahmen zur Erreichung eines Zieles definiert ist. Es ist förderlich für die Zielerreichung wenn man sich klare Deadlines setzt. Ebenfalls hilfreich sind „Implementation Intentions“ bei denen man sich schon beim Planen überlegt zu welchem Zeitpunkt man etwas erledigen möchte, idealerweise verknüpft mit einem auslösenden anderen Ereignis.
10;0;1;Structural Subscale;Subskala Strukturelle Eigenschaften;Hierarchy - High Level;Hierarchie - Hoch;This goal is an overall ambition in my life.;Bei diesem Ziel geht es um eine allgemeine Ambition in meinem Leben.;Ein Ziel, das hoch in einem Zielsystem steht, ist tendenziell eher abstrakt und umfasst in jedem Fall konkretere Teilziele. Es kann nützlich sein sich zu vergegenwärtigen, dass Ziele miteinander in Beziehung stehen, zumal Ziele um Ressourcen wie Zeit, Aufmerksamkeit und andere mentale Ressourcen konkurrieren.  
11;0;4;Structural Subscale;Subskala Strukturelle Eigenschaften;Hierarchy - High Level;Hierarchie - Hoch;This goal provides guidance for my decisions and behaviors.;Dieses Ziel gibt Leitlinien für meine Entscheidungen und Verhaltensweisen.;Ein Ziel, das hoch in einem Zielsystem steht, ist tendenziell eher abstrakt und umfasst in jedem Fall konkretere Teilziele. Es kann nützlich sein sich zu vergegenwärtigen, dass Ziele miteinander in Beziehung stehen, zumal Ziele um Ressourcen wie Zeit, Aufmerksamkeit und andere mentale Ressourcen konkurrieren.  
12;0;2;Structural Subscale;Subskala Strukturelle Eigenschaften;Hierarchy - High Level;Hierarchie - Hoch;To achieve this goal, I need to work on subgoals.;Um dieses Ziel zu erreichen muss ich an Teilzielen arbeiten.;Ein Ziel, das hoch in einem Zielsystem steht, ist tendenziell eher abstrakt und umfasst in jedem Fall konkretere Teilziele. Es kann nützlich sein sich zu vergegenwärtigen, dass Ziele miteinander in Beziehung stehen, zumal Ziele um Ressourcen wie Zeit, Aufmerksamkeit und andere mentale Ressourcen konkurrieren.  
13;0;3;Structural Subscale;Subskala Strukturelle Eigenschaften;Hierarchy - High Level;Hierarchie - Hoch;This goal is an aspiration in my life.;Dieses Ziel ist ein grundlegender Antrieb in meinem Leben.;Ein Ziel, das hoch in einem Zielsystem steht, ist tendenziell eher abstrakt und umfasst in jedem Fall konkretere Teilziele. Es kann nützlich sein sich zu vergegenwärtigen, dass Ziele miteinander in Beziehung stehen, zumal Ziele um Ressourcen wie Zeit, Aufmerksamkeit und andere mentale Ressourcen konkurrieren.  
14;0;1;Structural Subscale;Subskala Strukturelle Eigenschaften;Hierarchy - Low Level;Hierarchie - Niedrig;This goal is a means to a higher goal.;Dieses Ziel ist ein Mittel zu einem höheren Ziel.;Ein Ziel das niedrig in einem Zielsystem steht, ist tendenziell eher konkret und dient in jedem Fall übergeordneten Zielen. Es kann nützlich sein sich zu vergegenwärtigen, dass Ziele miteinander in Beziehung stehen, zumal Ziele um Ressourcen wie Zeit, Aufmerksamkeit und andere mentale Ressourcen konkurrieren.  
15;0;4;Structural Subscale;Subskala Strukturelle Eigenschaften;Hierarchy - Low Level;Hierarchie - Niedrig;This goal is just a part of a plan to achieve something bigger in my life.;Dieses Ziel ist nur ein Teil eines Plans, um etwas Größeres in meinem Leben zu erreichen.;Ein Ziel das niedrig in einem Zielsystem steht, ist tendenziell eher konkret und dient in jedem Fall übergeordneten Zielen. Es kann nützlich sein sich zu vergegenwärtigen, dass Ziele miteinander in Beziehung stehen, zumal Ziele um Ressourcen wie Zeit, Aufmerksamkeit und andere mentale Ressourcen konkurrieren.  
16;0;2;Structural Subscale;Subskala Strukturelle Eigenschaften;Hierarchy - Low Level;Hierarchie - Niedrig;This goal is a step toward a greater goal.;Dieses Ziel ist ein Schritt in Richtung eines größeren Ziels.;Ein Ziel das niedrig in einem Zielsystem steht, ist tendenziell eher konkret und dient in jedem Fall übergeordneten Zielen. Es kann nützlich sein sich zu vergegenwärtigen, dass Ziele miteinander in Beziehung stehen, zumal Ziele um Ressourcen wie Zeit, Aufmerksamkeit und andere mentale Ressourcen konkurrieren.  
17;0;3;Structural Subscale;Subskala Strukturelle Eigenschaften;Hierarchy - Low Level;Hierarchie - Niedrig;To achieve a larger goal in my life, I need to achieve this one first.;Um ein größeres Ziel in meinem Leben zu erreichen, muss ich dieses zuerst erreichen.;Ein Ziel das niedrig in einem Zielsystem steht, ist tendenziell eher konkret und dient in jedem Fall übergeordneten Zielen. Es kann nützlich sein sich zu vergegenwärtigen, dass Ziele miteinander in Beziehung stehen, zumal Ziele um Ressourcen wie Zeit, Aufmerksamkeit und andere mentale Ressourcen konkurrieren.  
18;1;2;Structural Subscale;Subskala Strukturelle Eigenschaften;Network Congruence;Kongruenz mit Zielnetzwerk;This goal has no relation to my other goals.;Dieses Ziel hat keinen Zusammenhang mit meinen anderen Zielen.;Die Kongruenz eines Zieles zum Netzwerk von Zielen, die du aktuell verfolgst, gibt an wie gut ein Ziel zu anderen Zielen passt. Das ist deshalb wichtig weil die meisten Menschen mehr (bewusste und unbewusste) Ziele haben, als sie mit ihren Möglichkeiten effektiv verfolgen können. Ein Ziel mit hoher Kongruenz zu anderen Zielen hat eine höhere Wahrscheinlichkeit umgesetzt zu werden.
19;0;1;Structural Subscale;Subskala Strukturelle Eigenschaften;Network Congruence;Kongruenz mit Zielnetzwerk;This goal is related to other goals I am currently working on in my life.;Dieses Ziel hängt mit anderen Zielen zusammen, an denen ich derzeit in meinem Leben arbeite.;Die Kongruenz eines Zieles zum Netzwerk von Zielen, die du aktuell verfolgst, gibt an wie gut ein Ziel zu anderen Zielen passt. Das ist deshalb wichtig weil die meisten Menschen mehr (bewusste und unbewusste) Ziele haben, als sie mit ihren Möglichkeiten effektiv verfolgen können. Ein Ziel mit hoher Kongruenz zu anderen Zielen hat eine höhere Wahrscheinlichkeit umgesetzt zu werden.
20;0;3;Structural Subscale;Subskala Strukturelle Eigenschaften;Network Congruence;Kongruenz mit Zielnetzwerk;This is a central goal related to many other goals that I am pursuing.;Dies ist ein zentrales Ziel im Zusammenhang mit vielen anderen Zielen, die ich verfolge.;Die Kongruenz eines Zieles zum Netzwerk von Zielen, die du aktuell verfolgst, gibt an wie gut ein Ziel zu anderen Zielen passt. Das ist deshalb wichtig weil die meisten Menschen mehr (bewusste und unbewusste) Ziele haben, als sie mit ihren Möglichkeiten effektiv verfolgen können. Ein Ziel mit hoher Kongruenz zu anderen Zielen hat eine höhere Wahrscheinlichkeit umgesetzt zu werden.
21;0;1;Structural Subscale;Subskala Strukturelle Eigenschaften;Measurability;Messbarkeit;It's easy to keep track of how far I am from achieving this goal.;Es ist einfach zu verfolgen wie weit ich von diesem Ziel entfernt bin.;Die Messbarkeit des Fortschrittes in Richtung eines Zieles ist ein großer Vorteil bei der Arbeit auf ein Ziel hin. Es kann motivierend sein sich Fortschritte bewusst zu machen und es ist für die Planung nützlich objektiv einschätzen zu können wie der aktuelle Fortschritt ist.
22;0;5;Structural Subscale;Subskala Strukturelle Eigenschaften;Measurability;Messbarkeit;It's possible to maintain a record of how close I am to achieving this goal.;Es ist möglich aufzuzeichnen wie nahe ich dem Erreichen dieses Ziels bin.;Die Messbarkeit des Fortschrittes in Richtung eines Zieles ist ein großer Vorteil bei der Arbeit auf ein Ziel hin. Es kann motivierend sein sich Fortschritte bewusst zu machen und es ist für die Planung nützlich objektiv einschätzen zu können wie der aktuelle Fortschritt ist.
23;0;4;Structural Subscale;Subskala Strukturelle Eigenschaften;Measurability;Messbarkeit;My progress toward this goal can be regularly measured.;Mein Fortschritt in Richtung dieses Ziels kann regelmäßig gemessen werden.;Die Messbarkeit des Fortschrittes in Richtung eines Zieles ist ein großer Vorteil bei der Arbeit auf ein Ziel hin. Es kann motivierend sein sich Fortschritte bewusst zu machen und es ist für die Planung nützlich objektiv einschätzen zu können wie der aktuelle Fortschritt ist.
24;0;2;Structural Subscale;Subskala Strukturelle Eigenschaften;Measurability;Messbarkeit;My progress toward this goal can be tracked with objective measurements.;Mein Fortschritt zu diesem Ziel kann mit objektiven Messungen verfolgt werden.;Die Messbarkeit des Fortschrittes in Richtung eines Zieles ist ein großer Vorteil bei der Arbeit auf ein Ziel hin. Es kann motivierend sein sich Fortschritte bewusst zu machen und es ist für die Planung nützlich objektiv einschätzen zu können wie der aktuelle Fortschritt ist.
25;0;3;Structural Subscale;Subskala Strukturelle Eigenschaften;Measurability;Messbarkeit;It's possible to compare my progress toward this goal over time.;Es ist möglich, meinen Fortschritt zu diesem Ziel über die Zeit zu vergleichen.;Die Messbarkeit des Fortschrittes in Richtung eines Zieles ist ein großer Vorteil bei der Arbeit auf ein Ziel hin. Es kann motivierend sein sich Fortschritte bewusst zu machen und es ist für die Planung nützlich objektiv einschätzen zu können wie der aktuelle Fortschritt ist.
26;1;4;Framing Subscale;Subskala Rahmung ;Approach/ Avoidance Framing;Annähern/ Vermeiden Rahmung;This goal is about avoiding a behavior, situation, or outcome.;Dieses Ziel hat damit zu tun ein Verhalten, eine Situation oder ein Ergebnis zu vermeiden.;Viele Ziele lassen sich unterschiedlich betrachten. So kann man das Ziel haben sehr gute Noten zu bekommen (sich guten Noten annähern) oder das Ziel schlechte Noten zu vermeiden. Eine positive Orientierung auf etwas, an das man sich annähern möchte, löst oft  positive Gefühle hervor während das Vermeiden von etwas Negativem, Gefühle von beispielsweise Scham hervorrufen kann.
27;1;6;Framing Subscale;Subskala Rahmung ;Approach/ Avoidance Framing;Annähern/ Vermeiden Rahmung;This goal is about something that makes me feel bad.;Bei diesem Ziel geht es um etwas, bei dem ich mich schlecht fühle.;Viele Ziele lassen sich unterschiedlich betrachten. So kann man das Ziel haben sehr gute Noten zu bekommen (sich guten Noten annähern) oder das Ziel schlechte Noten zu vermeiden. Eine positive Orientierung auf etwas, an das man sich annähern möchte, löst oft  positive Gefühle hervor während das Vermeiden von etwas Negativem, Gefühle von beispielsweise Scham hervorrufen kann.
28;1;3;Framing Subscale;Subskala Rahmung ;Approach/ Avoidance Framing;Annähern/ Vermeiden Rahmung;This goal is all about preventing something bad from happening.;Bei diesem Ziel geht es darum zu verhindern, dass etwas Unangenehmes passiert.;Viele Ziele lassen sich unterschiedlich betrachten. So kann man das Ziel haben sehr gute Noten zu bekommen (sich guten Noten annähern) oder das Ziel schlechte Noten zu vermeiden. Eine positive Orientierung auf etwas, an das man sich annähern möchte, löst oft  positive Gefühle hervor während das Vermeiden von etwas Negativem, Gefühle von beispielsweise Scham hervorrufen kann.
29;0;1;Framing Subscale;Subskala Rahmung ;Approach/ Avoidance Framing;Annähern/ Vermeiden Rahmung;This goal is about something I want to do, rather than something I want to avoid.;Bei diesem Ziel geht es um etwas, das ich erreichen möchte, und nicht um etwas, das ich vermeiden möchte.;Viele Ziele lassen sich unterschiedlich betrachten. So kann man das Ziel haben sehr gute Noten zu bekommen (sich guten Noten annähern) oder das Ziel schlechte Noten zu vermeiden. Eine positive Orientierung auf etwas, an das man sich annähern möchte, löst oft  positive Gefühle hervor während das Vermeiden von etwas Negativem, Gefühle von beispielsweise Scham hervorrufen kann.
30;0;2;Framing Subscale;Subskala Rahmung ;Approach/ Avoidance Framing;Annähern/ Vermeiden Rahmung;This goal is about something positive, rather than something I want to prevent from happening.;Bei diesem Ziel geht es eher um etwas Positives als um etwas, das ich verhindern möchte.;Viele Ziele lassen sich unterschiedlich betrachten. So kann man das Ziel haben sehr gute Noten zu bekommen (sich guten Noten annähern) oder das Ziel schlechte Noten zu vermeiden. Eine positive Orientierung auf etwas, an das man sich annähern möchte, löst oft  positive Gefühle hervor während das Vermeiden von etwas Negativem, Gefühle von beispielsweise Scham hervorrufen kann.
31;1;5;Framing Subscale;Subskala Rahmung ;Approach/ Avoidance Framing;Annähern/ Vermeiden Rahmung;This goal is about staying away from something upsetting.;Bei diesem Ziel geht es darum, sich von etwas Ärgerlichem fernzuhalten.;Viele Ziele lassen sich unterschiedlich betrachten. So kann man das Ziel haben sehr gute Noten zu bekommen (sich guten Noten annähern) oder das Ziel schlechte Noten zu vermeiden. Eine positive Orientierung auf etwas, an das man sich annähern möchte, löst oft  positive Gefühle hervor während das Vermeiden von etwas Negativem, Gefühle von beispielsweise Scham hervorrufen kann.
32;0;2;Framing Subscale;Subskala Rahmung ;Process Focus;Prozessorientierung;For this goal, the journey is the destination.;Für dieses Ziel ist der Weg das Ziel.;Die Dimension „Prozessorientierung vs. Ergebnisorientierung“ beschreibt, worauf sich die Zielformulierung richtet. Oft lassen sich Ziele auf beide Weisen betrachten. Im Falle eines ergebnisorientierten Zieles das uns überfordert (z.B. Mathe bestehen) kann es hilfreich sein das Ziel prozessorientiert umzuformulieren (z.B. Bis zur Klausur jeden Tag 2 Stunden lernen)..
33;0;3;Framing Subscale;Subskala Rahmung ;Process Focus;Prozessorientierung;This goal is more about a process rather than a outcome.;Bei diesem Ziel geht es eher um einen Prozess als um ein Ergebnis.;Die Dimension „Prozessorientierung vs. Ergebnisorientierung“ beschreibt, worauf sich die Zielformulierung richtet. Oft lassen sich Ziele auf beide Weisen betrachten. Im Falle eines ergebnisorientierten Zieles das uns überfordert (z.B. Mathe bestehen) kann es hilfreich sein das Ziel prozessorientiert umzuformulieren (z.B. Bis zur Klausur jeden Tag 2 Stunden lernen)..
34;0;1;Framing Subscale;Subskala Rahmung ;Process Focus;Prozessorientierung;For this goal, I am focusing more on the process than its outcome.;Für dieses Ziel konzentriere ich mich mehr auf den Prozess als auf sein Ergebnis.;Die Dimension „Prozessorientierung vs. Ergebnisorientierung“ beschreibt, worauf sich die Zielformulierung richtet. Oft lassen sich Ziele auf beide Weisen betrachten. Im Falle eines ergebnisorientierten Zieles das uns überfordert (z.B. Mathe bestehen) kann es hilfreich sein das Ziel prozessorientiert umzuformulieren (z.B. Bis zur Klausur jeden Tag 2 Stunden lernen)..
35;0;3;Framing Subscale;Subskala Rahmung ;Outcome Focus;Ergebnisorientierung;For this goal, the end justifies the means.;Um dieses Ziel zu erreichen, rechtfertigt der Zweck die Mittel.;Die Dimension „Prozessorientierung vs. Ergebnisorientierung“ beschreibt, worauf sich die Zielformulierung richtet. Oft lassen sich Ziele auf beide Weisen betrachten. Im Falle eines ergebnisorientierten Zieles das uns überfordert (z.B. Mathe bestehen) kann es hilfreich sein das Ziel prozessorientiert umzuformulieren (z.B. Bis zur Klausur jeden Tag 2 Stunden lernen)..
36;0;1;Framing Subscale;Subskala Rahmung ;Outcome Focus;Ergebnisorientierung;To achieve this goal, I just have to get a certain result and it doesn't matter how I get it.;Um dieses Ziel zu erreichen, muss ich nur ein bestimmtes Ergebnis erzielen, und es spielt keine Rolle, wie ich es bekomme.;Die Dimension „Prozessorientierung vs. Ergebnisorientierung“ beschreibt, worauf sich die Zielformulierung richtet. Oft lassen sich Ziele auf beide Weisen betrachten. Im Falle eines ergebnisorientierten Zieles das uns überfordert (z.B. Mathe bestehen) kann es hilfreich sein das Ziel prozessorientiert umzuformulieren (z.B. Bis zur Klausur jeden Tag 2 Stunden lernen)..
37;0;2;Framing Subscale;Subskala Rahmung ;Outcome Focus;Ergebnisorientierung;For this goal, the end is more important than its means.;Für dieses Ziel ist der Ende wichtiger als der Weg.;Die Dimension „Prozessorientierung vs. Ergebnisorientierung“ beschreibt, worauf sich die Zielformulierung richtet. Oft lassen sich Ziele auf beide Weisen betrachten. Im Falle eines ergebnisorientierten Zieles das uns überfordert (z.B. Mathe bestehen) kann es hilfreich sein das Ziel prozessorientiert umzuformulieren (z.B. Bis zur Klausur jeden Tag 2 Stunden lernen)..
38;0;1;Attainability Subscale;Subskala Erreichbarkeit ;Immediate Actionability;Unmittelbare Umsetzbarkeit;I could take the first step toward this goal almost immediately.;Ich könnte nahezu sofort den ersten Schritt in Richtung dieses Ziels machen.;Die Dimension „Unmittelbare Umsetzbarkeit“ eines Zieles beschreibt, ob es noch Abhängigkeiten von anderen Vorbedingungen gibt. Sollte das der Fall sein, ist es gut sich das klar zu machen und dann entweder die Vorbedingungen zu schaffen oder das Ziel bewusst zu verschieben bis die Umstände stimmen.
39;1;4;Attainability Subscale;Subskala Erreichbarkeit ;Immediate Actionability;Unmittelbare Umsetzbarkeit;I have to wait to start working on this goal.;Ich muss warten, um an diesem Ziel arbeiten zu können.;Die Dimension „Unmittelbare Umsetzbarkeit“ eines Zieles beschreibt, ob es noch Abhängigkeiten von anderen Vorbedingungen gibt. Sollte das der Fall sein, ist es gut sich das klar zu machen und dann entweder die Vorbedingungen zu schaffen oder das Ziel bewusst zu verschieben bis die Umstände stimmen.
40;0;3;Attainability Subscale;Subskala Erreichbarkeit ;Immediate Actionability;Unmittelbare Umsetzbarkeit;I know exactly what the first step - to start working on this goal - will be.;Ich weiß genau, was der erste Schritt sein wird, um an diesem Ziel zu arbeiten.;Die Dimension „Unmittelbare Umsetzbarkeit“ eines Zieles beschreibt, ob es noch Abhängigkeiten von anderen Vorbedingungen gibt. Sollte das der Fall sein, ist es gut sich das klar zu machen und dann entweder die Vorbedingungen zu schaffen oder das Ziel bewusst zu verschieben bis die Umstände stimmen.
41;0;5;Attainability Subscale;Subskala Erreichbarkeit ;Immediate Actionability;Unmittelbare Umsetzbarkeit;I know how to start working on this goal.;Ich weiß, wie ich an diesem Ziel arbeiten kann.;Die Dimension „Unmittelbare Umsetzbarkeit“ eines Zieles beschreibt, ob es noch Abhängigkeiten von anderen Vorbedingungen gibt. Sollte das der Fall sein, ist es gut sich das klar zu machen und dann entweder die Vorbedingungen zu schaffen oder das Ziel bewusst zu verschieben bis die Umstände stimmen.
42;1;2;Attainability Subscale;Subskala Erreichbarkeit ;Immediate Actionability;Unmittelbare Umsetzbarkeit;Something else needs to be done before I can start working on this goal.;Etwas anderes muss getan werden, bevor ich an diesem Ziel arbeiten kann.;Die Dimension „Unmittelbare Umsetzbarkeit“ eines Zieles beschreibt, ob es noch Abhängigkeiten von anderen Vorbedingungen gibt. Sollte das der Fall sein, ist es gut sich das klar zu machen und dann entweder die Vorbedingungen zu schaffen oder das Ziel bewusst zu verschieben bis die Umstände stimmen.
43;0;3;Attainability Subscale;Subskala Erreichbarkeit ;Estimated Effort;Geschätzter Aufwand;I believe I can work on this goal without feeling tired, even if it's a complex task.;Ich glaube, ich kann an diesem Ziel arbeiten, ohne mich ermüdet zu fühlen, auch wenn es eine komplexe Aufgabe ist.;Der geschätzte Aufwand eines Zieles gibt an, wie anstrengend die Arbeit zum Ziel hin voraussichtlich wird. Studien konnten zeigen, dass Ziele die uns fordern, die Leistung steigern können, bis zu dem Punkt der Überforderung. Ein gutes Ziel sollte also möglichst anspruchsvoll sein und uns nicht überfordern.
44;1;2;Attainability Subscale;Subskala Erreichbarkeit ;Estimated Effort;Geschätzter Aufwand;I may be overwhelmed following this goal, no matter how easy it is.;Ich könnte mich überwältigt fühlen wenn ich dieses Ziel verfolge, egal wie einfach es ist.;Der geschätzte Aufwand eines Zieles gibt an, wie anstrengend die Arbeit zum Ziel hin voraussichtlich wird. Studien konnten zeigen, dass Ziele die uns fordern, die Leistung steigern können, bis zu dem Punkt der Überforderung. Ein gutes Ziel sollte also möglichst anspruchsvoll sein und uns nicht überfordern.
45;1;1;Attainability Subscale;Subskala Erreichbarkeit ;Estimated Effort;Geschätzter Aufwand;I think it's exhausting to work toward this goal.;Ich denke es ist anstrengend auf dieses Ziel hinzuarbeiten.;Der geschätzte Aufwand eines Zieles gibt an, wie anstrengend die Arbeit zum Ziel hin voraussichtlich wird. Studien konnten zeigen, dass Ziele die uns fordern, die Leistung steigern können, bis zu dem Punkt der Überforderung. Ein gutes Ziel sollte also möglichst anspruchsvoll sein und uns nicht überfordern.
46;1;2;Attainability Subscale;Subskala Erreichbarkeit ;Plannability;Planbarkeit;It's hard to make a plan to achieve this goal.;Es ist schwer, einen Plan zu erstellen, um dieses Ziel zu erreichen.;Die Dimension „Planbarkeit“ eines Zieles beschreibt wie gut man in der Lage ist eine Ziel kontrolliert zu verfolgen. Grundsätzlich ist es für die Zielerreichung förderlich zu planen und den Plan kontinuierlich zu pflegen und zu bearbeiten.
47;1;5;Attainability Subscale;Subskala Erreichbarkeit ;Plannability;Planbarkeit;It's hard to foresee what my next steps toward this goal will be.;Es ist schwer vorherzusehen, was meine nächsten Schritte auf dieses Ziel zu sein werden.;Die Dimension „Planbarkeit“ eines Zieles beschreibt wie gut man in der Lage ist eine Ziel kontrolliert zu verfolgen. Grundsätzlich ist es für die Zielerreichung förderlich zu planen und den Plan kontinuierlich zu pflegen und zu bearbeiten.
48;0;3;Attainability Subscale;Subskala Erreichbarkeit ;Plannability;Planbarkeit;It's easy to know what needs to be done to achieve this goal.;Es ist leicht zu erkennen, was getan werden muss, um dieses Ziel zu erreichen.;Die Dimension „Planbarkeit“ eines Zieles beschreibt wie gut man in der Lage ist eine Ziel kontrolliert zu verfolgen. Grundsätzlich ist es für die Zielerreichung förderlich zu planen und den Plan kontinuierlich zu pflegen und zu bearbeiten.
49;0;1;Attainability Subscale;Subskala Erreichbarkeit ;Plannability;Planbarkeit;The steps to achieve this goal are straightforward.;Die Schritte zur Erreichung dieses Ziels sind naheliegend.;Die Dimension „Planbarkeit“ eines Zieles beschreibt wie gut man in der Lage ist eine Ziel kontrolliert zu verfolgen. Grundsätzlich ist es für die Zielerreichung förderlich zu planen und den Plan kontinuierlich zu pflegen und zu bearbeiten.
50;1;4;Attainability Subscale;Subskala Erreichbarkeit ;Plannability;Planbarkeit;The steps to achieve this goal are uncertain.;Die Schritte zur Erreichung dieses Ziels sind unklar.;Die Dimension „Planbarkeit“ eines Zieles beschreibt wie gut man in der Lage ist eine Ziel kontrolliert zu verfolgen. Grundsätzlich ist es für die Zielerreichung förderlich zu planen und den Plan kontinuierlich zu pflegen und zu bearbeiten.
51;0;1;Attainability Subscale;Subskala Erreichbarkeit ;Controllability;Kontrollierbarkeit;As long as I do what it takes, I will achieve this goal.;Solange ich tue, was nötig ist, werde ich dieses Ziel erreichen.;Die Dimension „Kontrollierbarkeit“ eines Zieles gibt an, inwiefern der Prozess des Zielstrebens und die Zielerreichung in den eigenen Händen liegt. Persönlichkeitsforscher haben herausgefunden, dass es für die eigene Zufriedenheit und Erfolg im Leben günstig ist, die Kontrolle über das eigene Leben bei sich selbst wahrzunehmen, auch wenn das nicht immer der Realität entspricht. 
52;0;3;Attainability Subscale;Subskala Erreichbarkeit ;Controllability;Kontrollierbarkeit;I have control over the outcome of this goal.;Ich habe die Kontrolle über das Erreichen dieses Ziels.;Die Dimension „Kontrollierbarkeit“ eines Zieles gibt an, inwiefern der Prozess des Zielstrebens und die Zielerreichung in den eigenen Händen liegt. Persönlichkeitsforscher haben herausgefunden, dass es für die eigene Zufriedenheit und Erfolg im Leben günstig ist, die Kontrolle über das eigene Leben bei sich selbst wahrzunehmen, auch wenn das nicht immer der Realität entspricht. 
53;1;4;Attainability Subscale;Subskala Erreichbarkeit ;Controllability;Kontrollierbarkeit;Achieving this goal depends on other people's actions.;Das Erreichen dieses Ziels hängt von den Handlungen anderer Personen ab.;Die Dimension „Kontrollierbarkeit“ eines Zieles gibt an, inwiefern der Prozess des Zielstrebens und die Zielerreichung in den eigenen Händen liegt. Persönlichkeitsforscher haben herausgefunden, dass es für die eigene Zufriedenheit und Erfolg im Leben günstig ist, die Kontrolle über das eigene Leben bei sich selbst wahrzunehmen, auch wenn das nicht immer der Realität entspricht. 
54;1;6;Attainability Subscale;Subskala Erreichbarkeit ;Controllability;Kontrollierbarkeit;I must depend on luck to achieve this goal.;Ich bin auf Glück angewiesen, um dieses Ziel zu erreichen.;Die Dimension „Kontrollierbarkeit“ eines Zieles gibt an, inwiefern der Prozess des Zielstrebens und die Zielerreichung in den eigenen Händen liegt. Persönlichkeitsforscher haben herausgefunden, dass es für die eigene Zufriedenheit und Erfolg im Leben günstig ist, die Kontrolle über das eigene Leben bei sich selbst wahrzunehmen, auch wenn das nicht immer der Realität entspricht. 
55;1;5;Attainability Subscale;Subskala Erreichbarkeit ;Controllability;Kontrollierbarkeit;There is nothing I can do to achieve this goal.;Ich kann nichts tun, um dieses Ziel zu erreichen.;Die Dimension „Kontrollierbarkeit“ eines Zieles gibt an, inwiefern der Prozess des Zielstrebens und die Zielerreichung in den eigenen Händen liegt. Persönlichkeitsforscher haben herausgefunden, dass es für die eigene Zufriedenheit und Erfolg im Leben günstig ist, die Kontrolle über das eigene Leben bei sich selbst wahrzunehmen, auch wenn das nicht immer der Realität entspricht. 
56;1;2;Attainability Subscale;Subskala Erreichbarkeit ;Controllability;Kontrollierbarkeit;Whether or not I can achieve this goal depends on things beyond my control.;Ob ich dieses Ziel erreichen kann oder nicht, hängt von Dingen außerhalb meiner Kontrolle ab.;Die Dimension „Kontrollierbarkeit“ eines Zieles gibt an, inwiefern der Prozess des Zielstrebens und die Zielerreichung in den eigenen Händen liegt. Persönlichkeitsforscher haben herausgefunden, dass es für die eigene Zufriedenheit und Erfolg im Leben günstig ist, die Kontrolle über das eigene Leben bei sich selbst wahrzunehmen, auch wenn das nicht immer der Realität entspricht. 
57;1;7;Attainability Subscale;Subskala Erreichbarkeit ;Controllability;Kontrollierbarkeit;No matter how much energy I put into this goal, I feel I have no control over the outcome.;Egal wie viel Energie ich in dieses Ziel stecke, habe ich das Gefühl, keine Kontrolle über das Ergebnis zu haben.;Die Dimension „Kontrollierbarkeit“ eines Zieles gibt an, inwiefern der Prozess des Zielstrebens und die Zielerreichung in den eigenen Händen liegt. Persönlichkeitsforscher haben herausgefunden, dass es für die eigene Zufriedenheit und Erfolg im Leben günstig ist, die Kontrolle über das eigene Leben bei sich selbst wahrzunehmen, auch wenn das nicht immer der Realität entspricht. 
58;1;3;Attainability Subscale;Subskala Erreichbarkeit ;Challenge;Herausforderung;Because I have done it many times before, this goal it is not that challenging.;Da ich es schon viele male zuvor getan habe habe, ist dieses Ziel nicht besonders herausfordernd.;Die Dimension „Herausforderung“ eines Zieles beschreibt die Schwierigkeit seiner Erreichung. Je anspruchsvoller ein Ziel, desto höher die zu erwartende Leistung, bis zu dem Punkt der Überforderung. Ist ein Ziel zu anspruchsvoll um erreicht zu werden, neigen Menschen dazu, keinen Aufwand darauf zu verwenden.
59;0;2;Attainability Subscale;Subskala Erreichbarkeit ;Challenge;Herausforderung;This goal is challenging for me.;Dieses Ziel ist eine Herausforderung für mich.;Die Dimension „Herausforderung“ eines Zieles beschreibt die Schwierigkeit seiner Erreichung. Je anspruchsvoller ein Ziel, desto höher die zu erwartende Leistung, bis zu dem Punkt der Überforderung. Ist ein Ziel zu anspruchsvoll um erreicht zu werden, neigen Menschen dazu, keinen Aufwand darauf zu verwenden.
60;0;1;Attainability Subscale;Subskala Erreichbarkeit ;Challenge;Herausforderung;This goal gets me outside my comfort zone.;Dieses Ziel bringt mich aus meiner Komfortzone.;Die Dimension „Herausforderung“ eines Zieles beschreibt die Schwierigkeit seiner Erreichung. Je anspruchsvoller ein Ziel, desto höher die zu erwartende Leistung, bis zu dem Punkt der Überforderung. Ist ein Ziel zu anspruchsvoll um erreicht zu werden, neigen Menschen dazu, keinen Aufwand darauf zu verwenden.
61;0;4;Attainability Subscale;Subskala Erreichbarkeit ;Challenge;Herausforderung;I will have to perform much better than usual to achieve this goal.;Ich werde viel besser als sonst funktionieren müssen, um dieses Ziel zu erreichen.;Die Dimension „Herausforderung“ eines Zieles beschreibt die Schwierigkeit seiner Erreichung. Je anspruchsvoller ein Ziel, desto höher die zu erwartende Leistung, bis zu dem Punkt der Überforderung. Ist ein Ziel zu anspruchsvoll um erreicht zu werden, neigen Menschen dazu, keinen Aufwand darauf zu verwenden.
62;1;1;Attainability Subscale;Subskala Erreichbarkeit ;Defined Subgoals;Definierte Teilziele;I didn't make a plan on how to achieve this goal.;Ich habe keinen Plan gemacht, um dieses Ziel zu erreichen.;Die Anzahl der schon definierten Teilziele ist ein Indikator dafür, wie gut der Zielverfolgungsprozess vorbereitet ist. Wenn schon klar ist, welche Schritte als nächstes unternommen werden sollen, kann man ohne weiteren Aufwand loslegen.
63;1;3;Attainability Subscale;Subskala Erreichbarkeit ;Defined Subgoals;Definierte Teilziele;I am not following any systematic plan to achieve this goal.;Ich verfolge keinen systematischen Plan, um dieses Ziel zu erreichen.;Die Anzahl der schon definierten Teilziele ist ein Indikator dafür, wie gut der Zielverfolgungsprozess vorbereitet ist. Wenn schon klar ist, welche Schritte als nächstes unternommen werden sollen, kann man ohne weiteren Aufwand loslegen.
64;0;2;Attainability Subscale;Subskala Erreichbarkeit ;Defined Subgoals;Definierte Teilziele;I have made a detailed plan of action to work toward this goal.;Ich habe einen detaillierten Aktionsplan erstellt, um auf dieses Ziel hinzuarbeiten.;Die Anzahl der schon definierten Teilziele ist ein Indikator dafür, wie gut der Zielverfolgungsprozess vorbereitet ist. Wenn schon klar ist, welche Schritte als nächstes unternommen werden sollen, kann man ohne weiteren Aufwand loslegen.
65;0;3;Resource Availability Subscale;Subskala Resourcenverfügbarkeit;Social Support;Soziale Unterstützung ;I have people I can rely on to help me with this goal.;Ich habe Leute, auf die ich mich verlassen kann, um mir bei diesem Ziel zu helfen.;Die soziale Unterstützung beim Verfolgen eines Zieles kann förderlich sein, sowohl hinsichtlich konkreter Unterstützung durch Hilfe bei der Umsetzung, als auch durch mentale Unterstützung und Rückendeckung.
66;1;2;Resource Availability Subscale;Subskala Resourcenverfügbarkeit;Social Support;Soziale Unterstützung ;Other people don't care if I am working on this goal or not.;Anderen Personen ist es egal, ob ich an diesem Ziel arbeite oder nicht.;Die soziale Unterstützung beim Verfolgen eines Zieles kann förderlich sein, sowohl hinsichtlich konkreter Unterstützung durch Hilfe bei der Umsetzung, als auch durch mentale Unterstützung und Rückendeckung.
67;0;1;Resource Availability Subscale;Subskala Resourcenverfügbarkeit;Social Support;Soziale Unterstützung ;Other people encourage me to keep going on this goal.;Andere Leute ermutigen mich, dieses Ziel weiter zu verfolgen.;Die soziale Unterstützung beim Verfolgen eines Zieles kann förderlich sein, sowohl hinsichtlich konkreter Unterstützung durch Hilfe bei der Umsetzung, als auch durch mentale Unterstützung und Rückendeckung.
68;0;4;Resource Availability Subscale;Subskala Resourcenverfügbarkeit;Social Support;Soziale Unterstützung ;People around me show interest and concern regarding what I am doing in this goal.;Die Menschen um mich herum zeigen Interesse und Anteilnahme daran, was ich für dieses Ziel tue.;Die soziale Unterstützung beim Verfolgen eines Zieles kann förderlich sein, sowohl hinsichtlich konkreter Unterstützung durch Hilfe bei der Umsetzung, als auch durch mentale Unterstützung und Rückendeckung.
69;1;4;Resource Availability Subscale;Subskala Resourcenverfügbarkeit;Informational Support;Informationelle Voraussetzungen;It's hard to find information to achieve this goal.;Es ist schwierig, Informationen zu finden, um dieses Ziel zu erreichen.;Die Dimension „Informationelle Voraussetzungen“ beschreibt das Vorliegen der notwendigen Informationen für den Zielerreichungsprozess. Insbesondere bei Zielen im Bereich Bildung und Forschung sind Informationen essentiell. Der Austausch mit Anderen und das Erschließen von Informationsquellen kann zielförderlich sein.
70;0;5;Resource Availability Subscale;Subskala Resourcenverfügbarkeit;Informational Support;Informationelle Voraussetzungen;I have enough guidelines to achieve this goal.;Ich habe genug Leitlinien, um dieses Ziel zu erreichen.;Die Dimension „Informationelle Voraussetzungen“ beschreibt das Vorliegen der notwendigen Informationen für den Zielerreichungsprozess. Insbesondere bei Zielen im Bereich Bildung und Forschung sind Informationen essentiell. Der Austausch mit Anderen und das Erschließen von Informationsquellen kann zielförderlich sein.
71;1;2;Resource Availability Subscale;Subskala Resourcenverfügbarkeit;Informational Support;Informationelle Voraussetzungen;I have no idea where to find information about how to work on this goal.;Ich habe keine Ahnung, wo ich Informationen darüber finden kann, wie ich an diesem Ziel arbeiten kann.;Die Dimension „Informationelle Voraussetzungen“ beschreibt das Vorliegen der notwendigen Informationen für den Zielerreichungsprozess. Insbesondere bei Zielen im Bereich Bildung und Forschung sind Informationen essentiell. Der Austausch mit Anderen und das Erschließen von Informationsquellen kann zielförderlich sein.
72;0;3;Resource Availability Subscale;Subskala Resourcenverfügbarkeit;Informational Support;Informationelle Voraussetzungen;I know where to find information about overcoming obstacles to achieve this goal if I need it.;Wenn nötig, weiß ich, wo ich Informationen zur Überwindung von Hindernissen finden kann, um dieses Ziel zu erreichen.;Die Dimension „Informationelle Voraussetzungen“ beschreibt das Vorliegen der notwendigen Informationen für den Zielerreichungsprozess. Insbesondere bei Zielen im Bereich Bildung und Forschung sind Informationen essentiell. Der Austausch mit Anderen und das Erschließen von Informationsquellen kann zielförderlich sein.
73;0;1;Resource Availability Subscale;Subskala Resourcenverfügbarkeit;Informational Support;Informationelle Voraussetzungen;I have the necessary information to work on this goal.;Ich habe die notwendigen Informationen um an diesem Ziel zu arbeiten.;Die Dimension „Informationelle Voraussetzungen“ beschreibt das Vorliegen der notwendigen Informationen für den Zielerreichungsprozess. Insbesondere bei Zielen im Bereich Bildung und Forschung sind Informationen essentiell. Der Austausch mit Anderen und das Erschließen von Informationsquellen kann zielförderlich sein.
74;0;1;Resource Availability Subscale;Subskala Resourcenverfügbarkeit;Instrumental Support;Instrumentelle Voraussetzungen;I have the materials and equipment necessary to achieve this goal.;Ich habe die notwendigen Materialien und Ausrüstung, um dieses Ziel zu erreichen.;Instrumentelle Voraussetzungen sind solche, die Materialien und Ausrüstung umfassen. Im Falle eines Studiums ist beispielsweise ein Computer unerlässlich. Sind die instrumentellen Voraussetzungen nicht gegeben, so sollten sie zunächst geschaffen werden.
75;1;3;Resource Availability Subscale;Subskala Resourcenverfügbarkeit;Instrumental Support;Instrumentelle Voraussetzungen;It's hard to get access to the resources needed to achieve this goal.;Es ist schwierig, Zugang zu Ressourcen zur Erreichung dieses Ziels zu bekommen.;Instrumentelle Voraussetzungen sind solche, die Materialien und Ausrüstung umfassen. Im Falle eines Studiums ist beispielsweise ein Computer unerlässlich. Sind die instrumentellen Voraussetzungen nicht gegeben, so sollten sie zunächst geschaffen werden.
76;1;2;Resource Availability Subscale;Subskala Resourcenverfügbarkeit;Instrumental Support;Instrumentelle Voraussetzungen;To achieve this goal, I depend on equipment that I can't get.;Um dieses Ziel zu erreichen bin ich auf Ausrüstung angewiesen, die ich nicht bekommen kann.;Instrumentelle Voraussetzungen sind solche, die Materialien und Ausrüstung umfassen. Im Falle eines Studiums ist beispielsweise ein Computer unerlässlich. Sind die instrumentellen Voraussetzungen nicht gegeben, so sollten sie zunächst geschaffen werden.
77;1;4;Resource Availability Subscale;Subskala Resourcenverfügbarkeit;Instrumental Support;Instrumentelle Voraussetzungen;To achieve this goal, I need specific materials or equipment that I don't know how to get.;Um dieses Ziel zu erreichen, brauche ich bestimmte Materialien oder Ausrüstungen, von denen ich nicht weiß, wie ich sie bekommen kann.;Instrumentelle Voraussetzungen sind solche, die Materialien und Ausrüstung umfassen. Im Falle eines Studiums ist beispielsweise ein Computer unerlässlich. Sind die instrumentellen Voraussetzungen nicht gegeben, so sollten sie zunächst geschaffen werden.
78;0;1;Resource Availability Subscale;Subskala Resourcenverfügbarkeit;Financial Affordance;Finanzierbarkeit;I can achieve this goal without any affect on my finances.;Ich kann dieses Ziel erreichen ohne Auswirkungen auf meine Finanzen.;Die Dimension „Finazierbarkeit“ berücksichtigt, dass die Arbeit an einem Ziel möglicherweise finanzielle Aufwendungen erfordert. Sollte es an Liquidität mangeln, so gilt es Geldquellen zu erschließen.
79;1;4;Resource Availability Subscale;Subskala Resourcenverfügbarkeit;Financial Affordance;Finanzierbarkeit;I depend on money I don't have to achieve this goal.;Ich bin auf Geld angewiesen, das ich nicht habe, um dieses Ziel zu erreichen.;Die Dimension „Finazierbarkeit“ berücksichtigt, dass die Arbeit an einem Ziel möglicherweise finanzielle Aufwendungen erfordert. Sollte es an Liquidität mangeln, so gilt es Geldquellen zu erschließen.
80;1;2;Resource Availability Subscale;Subskala Resourcenverfügbarkeit;Financial Affordance;Finanzierbarkeit;I have to spend a lot of money to achieve this goal.;Ich muss viel Geld ausgeben, um dieses Ziel zu erreichen.;Die Dimension „Finazierbarkeit“ berücksichtigt, dass die Arbeit an einem Ziel möglicherweise finanzielle Aufwendungen erfordert. Sollte es an Liquidität mangeln, so gilt es Geldquellen zu erschließen.
81;0;3;Resource Availability Subscale;Subskala Resourcenverfügbarkeit;Financial Affordance;Finanzierbarkeit;I can financially afford the costs of working toward this goal.;Ich kann mir die Kosten für die Erreichung dieses Ziels finanziell leisten.;Die Dimension „Finazierbarkeit“ berücksichtigt, dass die Arbeit an einem Ziel möglicherweise finanzielle Aufwendungen erfordert. Sollte es an Liquidität mangeln, so gilt es Geldquellen zu erschließen.
82;0;4;Resource Availability Subscale;Subskala Resourcenverfügbarkeit;Visibility;Sichtbarkeit;People can know if I achieve this goal or not.;Die Leute können erkennen, ob ich dieses Ziel erreiche oder nicht.;Die Dimension „Sichtbarkeit“ eines Zieles bzw. des Zielstrebensprozesses gibt an, wie transparent derselbe durch andere Menschen ist. Sichtbarkeit kann ein Vorteil sein, beispielsweise wenn sie zu Zuspruch und Unterstützung führt, kann jedoch auch ein Nachteil sein, etwa wenn ein prestigeträchtiges Ziel schon vor seiner Erreichung durch Aufmerksamkeit belohnt wird und dann weniger Bearbeitung erfährt.
83;1;1;Resource Availability Subscale;Subskala Resourcenverfügbarkeit;Visibility;Sichtbarkeit;I am the only one who knows about this goal.;Ich bin die oder der einzige, der über dieses Ziel bescheid weiß.;Die Dimension „Sichtbarkeit“ eines Zieles bzw. des Zielstrebensprozesses gibt an, wie transparent derselbe durch andere Menschen ist. Sichtbarkeit kann ein Vorteil sein, beispielsweise wenn sie zu Zuspruch und Unterstützung führt, kann jedoch auch ein Nachteil sein, etwa wenn ein prestigeträchtiges Ziel schon vor seiner Erreichung durch Aufmerksamkeit belohnt wird und dann weniger Bearbeitung erfährt.
84;1;3;Resource Availability Subscale;Subskala Resourcenverfügbarkeit;Visibility;Sichtbarkeit;Nobody would be able to tell I am working on this goal.;Niemand würde sagen können, dass ich an diesem Ziel arbeite.;Die Dimension „Sichtbarkeit“ eines Zieles bzw. des Zielstrebensprozesses gibt an, wie transparent derselbe durch andere Menschen ist. Sichtbarkeit kann ein Vorteil sein, beispielsweise wenn sie zu Zuspruch und Unterstützung führt, kann jedoch auch ein Nachteil sein, etwa wenn ein prestigeträchtiges Ziel schon vor seiner Erreichung durch Aufmerksamkeit belohnt wird und dann weniger Bearbeitung erfährt.
85;0;2;Resource Availability Subscale;Subskala Resourcenverfügbarkeit;Visibility;Sichtbarkeit;My progress toward this goal is observable to others.;Mein Fortschritt in Richtung dieses Ziels ist für andere beobachtbar.;Die Dimension „Sichtbarkeit“ eines Zieles bzw. des Zielstrebensprozesses gibt an, wie transparent derselbe durch andere Menschen ist. Sichtbarkeit kann ein Vorteil sein, beispielsweise wenn sie zu Zuspruch und Unterstützung führt, kann jedoch auch ein Nachteil sein, etwa wenn ein prestigeträchtiges Ziel schon vor seiner Erreichung durch Aufmerksamkeit belohnt wird und dann weniger Bearbeitung erfährt.
86;1;2;Resource Availability Subscale;Subskala Resourcenverfügbarkeit;Time Availability;Zeitliche Resourcen;I am not sure if I have enough time to work on this goal.;Ich bin mir nicht sicher, ob ich genug Zeit habe, um an diesem Ziel zu arbeiten.;Zeitliche Resourcen sind für fast alle menschlichen Ziele erforderlich und Zeit ist eine für alle Menschen limitierte Ressource. Die Priorisierung von Zielen kann helfen zu entscheiden, welche Ziele verfolgt werden und welche aufgegeben werden sollten. Die Konzentration auf wesentliche Ziele kann die zeitlichen Voraussetzungen enorm verbessern. 
87;0;1;Resource Availability Subscale;Subskala Resourcenverfügbarkeit;Time Availability;Zeitliche Resourcen;I can manage my time to achieve this goal.;Ich kann meine Zeit so einteilen, dass ich dieses Ziel erreichen kann.;Zeitliche Resourcen sind für fast alle menschlichen Ziele erforderlich und Zeit ist eine für alle Menschen limitierte Ressource. Die Priorisierung von Zielen kann helfen zu entscheiden, welche Ziele verfolgt werden und welche aufgegeben werden sollten. Die Konzentration auf wesentliche Ziele kann die zeitlichen Voraussetzungen enorm verbessern. 
88;0;3;Resource Availability Subscale;Subskala Resourcenverfügbarkeit;Time Availability;Zeitliche Resourcen;I have enough time to do whatever it takes to achieve this goal.;Ich habe genug Zeit, um alles zu tun was nötig ist, um dieses Ziel zu erreichen.;Zeitliche Resourcen sind für fast alle menschlichen Ziele erforderlich und Zeit ist eine für alle Menschen limitierte Ressource. Die Priorisierung von Zielen kann helfen zu entscheiden, welche Ziele verfolgt werden und welche aufgegeben werden sollten. Die Konzentration auf wesentliche Ziele kann die zeitlichen Voraussetzungen enorm verbessern. 
89;0;4;Resource Availability Subscale;Subskala Resourcenverfügbarkeit;Time Availability;Zeitliche Resourcen;I have time available to work on this goal.;Ich habe verfügbare Zeit, um an diesem Ziel zu arbeiten.;Zeitliche Resourcen sind für fast alle menschlichen Ziele erforderlich und Zeit ist eine für alle Menschen limitierte Ressource. Die Priorisierung von Zielen kann helfen zu entscheiden, welche Ziele verfolgt werden und welche aufgegeben werden sollten. Die Konzentration auf wesentliche Ziele kann die zeitlichen Voraussetzungen enorm verbessern. 
90;0;1;Resource Availability Subscale;Subskala Resourcenverfügbarkeit;Competence Adequacy;Kompetenz- Angemessenheit;I am competent to achieve this goal.;Ich bin fähig dieses Ziel zu erreichen.;Die Dimension „Kompetenz-Angemessenheit“ beschreibt, inwiefern ein Ziel den vorhandenen Fähigkeiten entspricht. Insbesondere bei Bildungszielen geht es darum über sich hinaus zu wachsen. Andererseits sollten Überforderungen vermieden werden. Hier gilt es also Balance zu halten und sich selbst auch mal was zuzutrauen.
91;0;4;Resource Availability Subscale;Subskala Resourcenverfügbarkeit;Competence Adequacy;Kompetenz- Angemessenheit;I have all the necessary skills to achieve this goal.;Ich habe alle notwendigen Fertigkeiten, um dieses Ziel zu erreichen.;Die Dimension „Kompetenz-Angemessenheit“ beschreibt, inwiefern ein Ziel den vorhandenen Fähigkeiten entspricht. Insbesondere bei Bildungszielen geht es darum über sich hinaus zu wachsen. Andererseits sollten Überforderungen vermieden werden. Hier gilt es also Balance zu halten und sich selbst auch mal was zuzutrauen.
92;1;3;Resource Availability Subscale;Subskala Resourcenverfügbarkeit;Competence Adequacy;Kompetenz- Angemessenheit;My skills may be insufficient to achieve this goal.;Meine Fähigkeiten könnten nicht ausreichend, um dieses Ziel zu erreichen.;Die Dimension „Kompetenz-Angemessenheit“ beschreibt, inwiefern ein Ziel den vorhandenen Fähigkeiten entspricht. Insbesondere bei Bildungszielen geht es darum über sich hinaus zu wachsen. Andererseits sollten Überforderungen vermieden werden. Hier gilt es also Balance zu halten und sich selbst auch mal was zuzutrauen.
93;1;2;Resource Availability Subscale;Subskala Resourcenverfügbarkeit;Competence Adequacy;Kompetenz- Angemessenheit;This goal is beyond my competencies.;Dieses Ziel liegt außerhalb meiner Fähigkeiten.;Die Dimension „Kompetenz-Angemessenheit“ beschreibt, inwiefern ein Ziel den vorhandenen Fähigkeiten entspricht. Insbesondere bei Bildungszielen geht es darum über sich hinaus zu wachsen. Andererseits sollten Überforderungen vermieden werden. Hier gilt es also Balance zu halten und sich selbst auch mal was zuzutrauen.
94;1;5;Interestingness Subscale;Subskala Interessantheit ;Self-Congruence;Sellbstkongruenz;This goal is not exactly what I wanted to be working on.;Dieses Ziel ist nicht gerade das, woran ich gerne arbeiten würde.;Die Dimension „Selbstkongruenz“ beschreibt, inwiefern ein Ziel mit dem Selbstbild und dem eigenen Lebensgefühl übereinstimmt. Ein hoher Wert begünstigt, dass wir aus uns selbst heraus Aufwand in die Zielerreichung zu stecken, bereit sind.
95;0;1;Interestingness Subscale;Subskala Interessantheit ;Self-Congruence;Sellbstkongruenz;This goal is essential to who I am.;Dieses Ziel ist wesentlich dafür, wer ich bin.;Die Dimension „Selbstkongruenz“ beschreibt, inwiefern ein Ziel mit dem Selbstbild und dem eigenen Lebensgefühl übereinstimmt. Ein hoher Wert begünstigt, dass wir aus uns selbst heraus Aufwand in die Zielerreichung zu stecken, bereit sind.
96;0;2;Interestingness Subscale;Subskala Interessantheit ;Self-Congruence;Sellbstkongruenz;This goal is congruent with my lifestyle.;Dieses Ziel stimmt mit meinem Lebensgefühl überein.;Die Dimension „Selbstkongruenz“ beschreibt, inwiefern ein Ziel mit dem Selbstbild und dem eigenen Lebensgefühl übereinstimmt. Ein hoher Wert begünstigt, dass wir aus uns selbst heraus Aufwand in die Zielerreichung zu stecken, bereit sind.
97;0;3;Interestingness Subscale;Subskala Interessantheit ;Self-Congruence;Sellbstkongruenz;This goal is part of my identity.;Dieses Ziel ist Teil meiner Identität.;Die Dimension „Selbstkongruenz“ beschreibt, inwiefern ein Ziel mit dem Selbstbild und dem eigenen Lebensgefühl übereinstimmt. Ein hoher Wert begünstigt, dass wir aus uns selbst heraus Aufwand in die Zielerreichung zu stecken, bereit sind.
98;1;4;Interestingness Subscale;Subskala Interessantheit ;Self-Congruence;Sellbstkongruenz;This goal involves doing things I dislike.;Dieses Ziel beinhaltet Dinge, die ich nicht gerne tue.;Die Dimension „Selbstkongruenz“ beschreibt, inwiefern ein Ziel mit dem Selbstbild und dem eigenen Lebensgefühl übereinstimmt. Ein hoher Wert begünstigt, dass wir aus uns selbst heraus Aufwand in die Zielerreichung zu stecken, bereit sind.
99;0;1;Interestingness Subscale;Subskala Interessantheit ;Value Congruence;Wertekongruenz;This goal is coherent with my beliefs.;Dieses Ziel stimmt mit meinen Überzeugungen überein.;Die Dimension „Wertekongruenz“ beschreibt, inwiefern ein Ziel mit den eigenen Werten und Idealvorstellungen übereinstimmt. Das Verfolgen von wertekongruenten Zielen kann unabhängig von der tatsächlichen Erreichung des Zieles Zufriedenheit fördern. Ziele mit niedriger Wertekongruenz sollten auf den Prüfstand gestellt werden.
100;0;4;Interestingness Subscale;Subskala Interessantheit ;Value Congruence;Wertekongruenz;This goal is congruent with my dreams.;Dieses Ziel stimmt mit meinen Träumen überein.;Die Dimension „Wertekongruenz“ beschreibt, inwiefern ein Ziel mit den eigenen Werten und Idealvorstellungen übereinstimmt. Das Verfolgen von wertekongruenten Zielen kann unabhängig von der tatsächlichen Erreichung des Zieles Zufriedenheit fördern. Ziele mit niedriger Wertekongruenz sollten auf den Prüfstand gestellt werden.
101;0;2;Interestingness Subscale;Subskala Interessantheit ;Value Congruence;Wertekongruenz;Achieving this goal is in accordance with my ideal self.;Dieses Ziel zu erreichen, ist in Übereinstimmung mit meinem idealen Selbst.;Die Dimension „Wertekongruenz“ beschreibt, inwiefern ein Ziel mit den eigenen Werten und Idealvorstellungen übereinstimmt. Das Verfolgen von wertekongruenten Zielen kann unabhängig von der tatsächlichen Erreichung des Zieles Zufriedenheit fördern. Ziele mit niedriger Wertekongruenz sollten auf den Prüfstand gestellt werden.
102;0;3;Interestingness Subscale;Subskala Interessantheit ;Value Congruence;Wertekongruenz;This goal reflects my personal values.;Dieses Ziel spiegelt meine persönlichen Werte wider.;Die Dimension „Wertekongruenz“ beschreibt, inwiefern ein Ziel mit den eigenen Werten und Idealvorstellungen übereinstimmt. Das Verfolgen von wertekongruenten Zielen kann unabhängig von der tatsächlichen Erreichung des Zieles Zufriedenheit fördern. Ziele mit niedriger Wertekongruenz sollten auf den Prüfstand gestellt werden.
103;1;5;Interestingness Subscale;Subskala Interessantheit ;Importance;Wichtigkeit;I seldom think about this goal.;Ich denke selten über dieses Ziel nach.;Die Dimension „Wichtigkeit“ ist ein guter Indikator bei der Priorisierung von Zielen. Ein Ziel mit niedriger Wichtigkeit hingegen kann zugunsten wichtiger Ziele aufgegeben werden oder mit minimalem Aufwand bearbeitet werden.
104;1;3;Interestingness Subscale;Subskala Interessantheit ;Importance;Wichtigkeit;This goal doesn't catch much of my attention.;Dieses Ziel zieht nicht viel von meiner Aufmerksamkeit auf sich.;Die Dimension „Wichtigkeit“ ist ein guter Indikator bei der Priorisierung von Zielen. Ein Ziel mit niedriger Wichtigkeit hingegen kann zugunsten wichtiger Ziele aufgegeben werden oder mit minimalem Aufwand bearbeitet werden.
105;0;1;Interestingness Subscale;Subskala Interessantheit ;Importance;Wichtigkeit;Achieving this goal is important to me.;Das Erreichen dieses Ziels ist mir wichtig.;Die Dimension „Wichtigkeit“ ist ein guter Indikator bei der Priorisierung von Zielen. Ein Ziel mit niedriger Wichtigkeit hingegen kann zugunsten wichtiger Ziele aufgegeben werden oder mit minimalem Aufwand bearbeitet werden.
106;1;4;Interestingness Subscale;Subskala Interessantheit ;Importance;Wichtigkeit;I have more important goals to work on than this one.;Ich habe wichtigere Ziele, um daran zu arbeiten als dieses.;Die Dimension „Wichtigkeit“ ist ein guter Indikator bei der Priorisierung von Zielen. Ein Ziel mit niedriger Wichtigkeit hingegen kann zugunsten wichtiger Ziele aufgegeben werden oder mit minimalem Aufwand bearbeitet werden.
107;1;2;Interestingness Subscale;Subskala Interessantheit ;Importance;Wichtigkeit;Whether I achieve this goal or not, doesn't really matter.;Ob ich dieses Ziel erreiche oder nicht, spielt eigentlich keine Rolle.;Die Dimension „Wichtigkeit“ ist ein guter Indikator bei der Priorisierung von Zielen. Ein Ziel mit niedriger Wichtigkeit hingegen kann zugunsten wichtiger Ziele aufgegeben werden oder mit minimalem Aufwand bearbeitet werden.
108;1;3;Interestingness Subscale;Subskala Interessantheit ;Awareness;Bewusstheit;Apparently, part of me wants to achieve this goal for some reason I don't fully understand.;Anscheinend möchte ein Teil von mir dieses Ziel aus einem Grund erreichen, den ich nicht vollständig verstehe.;Die Dimension „Bewusstheit“ beschreibt, inwiefern ein Ziel klar repräsentiert ist. Unter den vielen Zielen die wir im Laufe des Tages verfolgen gibt es auch viele Unbewusste. Es kann sich lohnen darauf zu achten welche Ziele man eigentlich unbewusst verfolgt, um diese auf den Prüfstand stellen oder ganz bewusst verfolgen zu können.
109;1;1;Interestingness Subscale;Subskala Interessantheit ;Awareness;Bewusstheit;I didn't even know I had this goal until I was asked about my goals.;Ich wusste nicht einmal, dass ich dieses Ziel hatte, bevor ich gefragt wurde.;Die Dimension „Bewusstheit“ beschreibt, inwiefern ein Ziel klar repräsentiert ist. Unter den vielen Zielen die wir im Laufe des Tages verfolgen gibt es auch viele Unbewusste. Es kann sich lohnen darauf zu achten welche Ziele man eigentlich unbewusst verfolgt, um diese auf den Prüfstand stellen oder ganz bewusst verfolgen zu können.
110;1;4;Interestingness Subscale;Subskala Interessantheit ;Awareness;Bewusstheit;I wasn't even aware that I am pursuing this goal until I was asked to think about my goals.;Ich war mir nicht einmal bewusst, dass ich dieses Ziel verfolge, bis ich gebeten wurde, über meine Ziele nachzudenken.;Die Dimension „Bewusstheit“ beschreibt, inwiefern ein Ziel klar repräsentiert ist. Unter den vielen Zielen die wir im Laufe des Tages verfolgen gibt es auch viele Unbewusste. Es kann sich lohnen darauf zu achten welche Ziele man eigentlich unbewusst verfolgt, um diese auf den Prüfstand stellen oder ganz bewusst verfolgen zu können.
111;1;2;Interestingness Subscale;Subskala Interessantheit ;Awareness;Bewusstheit;I recently became aware of this goal.;Dieses Ziel wurde mir kürzlich erst bewusst.;Die Dimension „Bewusstheit“ beschreibt, inwiefern ein Ziel klar repräsentiert ist. Unter den vielen Zielen die wir im Laufe des Tages verfolgen gibt es auch viele Unbewusste. Es kann sich lohnen darauf zu achten welche Ziele man eigentlich unbewusst verfolgt, um diese auf den Prüfstand stellen oder ganz bewusst verfolgen zu können.
112;0;1;Interestingness Subscale;Subskala Interessantheit ;Vitality;Vitalität;Thinking about this goal makes me feel alive and vital.;Wenn ich über dieses Ziel nachdenke, fühle ich mich lebendig und vital.;Die Dimension „Vitalität“ beschreibt, inwiefern ein Ziel einen Menschen affektiv bewegt. Ziele mit einem hohen Wert haben das Potential viel Zufriedenheit zu erzeugen und mentale Ressourcen für die Zielverfolgung zu mobilisieren.
113;1;2;Interestingness Subscale;Subskala Interessantheit ;Vitality;Vitalität;Thinking about this goal doesn’t make me feel energetic.;Wenn ich über dieses Ziel nachdenke, fühle ich mich nicht energiegeladen.;Die Dimension „Vitalität“ beschreibt, inwiefern ein Ziel einen Menschen affektiv bewegt. Ziele mit einem hohen Wert haben das Potential viel Zufriedenheit zu erzeugen und mentale Ressourcen für die Zielverfolgung zu mobilisieren.
114;0;3;Interestingness Subscale;Subskala Interessantheit ;Vitality;Vitalität;I feel full of energy and spirit when I think about this goal.;Ich fühle mich voller Energie und Temperament, wenn ich über dieses Ziel nachdenke.;Die Dimension „Vitalität“ beschreibt, inwiefern ein Ziel einen Menschen affektiv bewegt. Ziele mit einem hohen Wert haben das Potential viel Zufriedenheit zu erzeugen und mentale Ressourcen für die Zielverfolgung zu mobilisieren.
115;0;4;Usefulness Subscale;Subskala Utilität;Long-Term Utility;Langfristige Utilität;Achieving this goal now will be significant in the future.;Das Erreichen dieses Ziels wird in Zukunft von Bedeutung sein.;Die Dimension „Langfristige Utilität“ beschreibt, inwiefern ein Ziel langfristig nützlich ist. Es scheint Teil des menschlichen Reifungsprozesses zu sein, dass mit zunehmender Erfahrung der langfristige Nutzen von Handlungen und Entscheidung zunehmend stärker gewichtet wird.
116;0;1;Usefulness Subscale;Subskala Utilität;Long-Term Utility;Langfristige Utilität;This goal is important for my future.;Dieses Ziel ist wichtig für meine Zukunft.;Die Dimension „Langfristige Utilität“ beschreibt, inwiefern ein Ziel langfristig nützlich ist. Es scheint Teil des menschlichen Reifungsprozesses zu sein, dass mit zunehmender Erfahrung der langfristige Nutzen von Handlungen und Entscheidung zunehmend stärker gewichtet wird.
117;1;3;Usefulness Subscale;Subskala Utilität;Long-Term Utility;Langfristige Utilität;This goal won't make a huge impact in the future.;Dieses Ziel wird in Zukunft keine großen Auswirkungen haben.;Die Dimension „Langfristige Utilität“ beschreibt, inwiefern ein Ziel langfristig nützlich ist. Es scheint Teil des menschlichen Reifungsprozesses zu sein, dass mit zunehmender Erfahrung der langfristige Nutzen von Handlungen und Entscheidung zunehmend stärker gewichtet wird.
118;0;2;Usefulness Subscale;Subskala Utilität;Long-Term Utility;Langfristige Utilität;Achieving this goal will give me long lasting benefits.;Die Verwirklichung dieses Ziels wird mir langfristige Vorteile bringen.;Die Dimension „Langfristige Utilität“ beschreibt, inwiefern ein Ziel langfristig nützlich ist. Es scheint Teil des menschlichen Reifungsprozesses zu sein, dass mit zunehmender Erfahrung der langfristige Nutzen von Handlungen und Entscheidung zunehmend stärker gewichtet wird.
119;1;2;Usefulness Subscale;Subskala Utilität;Short-Term Utility;Kurzfristige Utilität;If and when I achieve this goal, I won't have any immediate benefit.;Wenn ich dieses Ziel erreiche, habe ich keinen unmittelbaren Nutzen.;Die Dimension „Kurzfristige Utilität“ beschreibt, inwiefern ein positiver Nutzen sich unmittelbar einstellt. Es scheint eine Schwäche der menschlichen Psyche zu sein, kurzfristigen Nutzen intuitiv sehr hoch zu bewerten, ein Extrembeispiel sind Genussmittel mit kurzfristig sehr positiven und mittel- bis langfristig destruktiven Konsequenzen.
120;0;3;Usefulness Subscale;Subskala Utilität;Short-Term Utility;Kurzfristige Utilität;I will reap the benefits of this goal right after achieving it.;Ich werde die Früchte dieses Ziels sofort bekommen, wenn ich es erreicht habe.;Die Dimension „Kurzfristige Utilität“ beschreibt, inwiefern ein positiver Nutzen sich unmittelbar einstellt. Es scheint eine Schwäche der menschlichen Psyche zu sein, kurzfristigen Nutzen intuitiv sehr hoch zu bewerten, ein Extrembeispiel sind Genussmittel mit kurzfristig sehr positiven und mittel- bis langfristig destruktiven Konsequenzen.
121;1;4;Usefulness Subscale;Subskala Utilität;Short-Term Utility;Kurzfristige Utilität;Achieving this goal won't be useful for me in the near future.;Das Erreichen dieses Ziels wird für mich in naher Zukunft nicht nützlich sein.;Die Dimension „Kurzfristige Utilität“ beschreibt, inwiefern ein positiver Nutzen sich unmittelbar einstellt. Es scheint eine Schwäche der menschlichen Psyche zu sein, kurzfristigen Nutzen intuitiv sehr hoch zu bewerten, ein Extrembeispiel sind Genussmittel mit kurzfristig sehr positiven und mittel- bis langfristig destruktiven Konsequenzen.
122;0;1;Usefulness Subscale;Subskala Utilität;Short-Term Utility;Kurzfristige Utilität;When I reach this goal, it will pay off immediately.;Wenn ich dieses Ziel erreiche, wird es sich sofort auszahlen.;Die Dimension „Kurzfristige Utilität“ beschreibt, inwiefern ein positiver Nutzen sich unmittelbar einstellt. Es scheint eine Schwäche der menschlichen Psyche zu sein, kurzfristigen Nutzen intuitiv sehr hoch zu bewerten, ein Extrembeispiel sind Genussmittel mit kurzfristig sehr positiven und mittel- bis langfristig destruktiven Konsequenzen.
123;0;3;Usefulness Subscale;Subskala Utilität;Relative Utility;Relative Utilität;Compared to other goals, achieving this goal will be better for me.;Im Vergleich zu anderen Zielen wird es für mich besser sein, dieses Ziel zu erreichen.;Die Dimension „Relative Utilität“ beschreibt die Nützlichkeit eines Zieles im Vergleich zu anderen Zielen. Diese Eigenschaft kann nützlich sein beim Priorisieren von Zielen und beim Zuweisen von Ressourcen wie Zeit und Aufmerksamkeit für ein Ziel.
124;0;2;Usefulness Subscale;Subskala Utilität;Relative Utility;Relative Utilität;I prefer this goal among the others I have.;Ich bevorzuge dieses Ziel unter den anderen, die ich habe.;Die Dimension „Relative Utilität“ beschreibt die Nützlichkeit eines Zieles im Vergleich zu anderen Zielen. Diese Eigenschaft kann nützlich sein beim Priorisieren von Zielen und beim Zuweisen von Ressourcen wie Zeit und Aufmerksamkeit für ein Ziel.
125;0;4;Usefulness Subscale;Subskala Utilität;Relative Utility;Relative Utilität;This goal is more valuable than the other goals I thought about pursuing.;Dieses Ziel ist wertvoller als die anderen Ziele, über die ich nachgedacht habe.;Die Dimension „Relative Utilität“ beschreibt die Nützlichkeit eines Zieles im Vergleich zu anderen Zielen. Diese Eigenschaft kann nützlich sein beim Priorisieren von Zielen und beim Zuweisen von Ressourcen wie Zeit und Aufmerksamkeit für ein Ziel.
126;0;1;Usefulness Subscale;Subskala Utilität;Relative Utility;Relative Utilität;This goal has more benefits than my other goals.;Dieses Ziel hat mehr Nutzen als meine anderen Zielen.;Die Dimension „Relative Utilität“ beschreibt die Nützlichkeit eines Zieles im Vergleich zu anderen Zielen. Diese Eigenschaft kann nützlich sein beim Priorisieren von Zielen und beim Zuweisen von Ressourcen wie Zeit und Aufmerksamkeit für ein Ziel.
127;0;3;Usefulness Subscale;Subskala Utilität;Self- Improvement Utility;Utilität für Persönliches Wachstum;In the process of working toward this goal I will learn many useful things.;Während ich auf dieses Ziel hinarbeite, werde ich viele nützliche Dinge lernen.;Die Dimension „Utilität eines Zieles für persönliche Wachstum“ gibt an, inwiefern ein Ziel die eigene Entwicklung fördern kann. Im Studium ist es ein erwünschter Effekt, dass die vielen Stöckchen, über die wir springen sollen, uns sozusagen als Nebeneffekt als Person reifen lassen.
128;1;4;Usefulness Subscale;Subskala Utilität;Self- Improvement Utility;Utilität für Persönliches Wachstum;This goal probably won't improve my weaknesses much.;Dieses Ziel wird an meinen Schwächen wahrscheinlich nicht viel ändern.;Die Dimension „Utilität eines Zieles für persönliche Wachstum“ gibt an, inwiefern ein Ziel die eigene Entwicklung fördern kann. Im Studium ist es ein erwünschter Effekt, dass die vielen Stöckchen, über die wir springen sollen, uns sozusagen als Nebeneffekt als Person reifen lassen.
129;0;1;Usefulness Subscale;Subskala Utilität;Self- Improvement Utility;Utilität für Persönliches Wachstum;This goal will help me grow as a person.;Dieses Ziel wird mir helfen, als Person zu wachsen.;Die Dimension „Utilität eines Zieles für persönliche Wachstum“ gibt an, inwiefern ein Ziel die eigene Entwicklung fördern kann. Im Studium ist es ein erwünschter Effekt, dass die vielen Stöckchen, über die wir springen sollen, uns sozusagen als Nebeneffekt als Person reifen lassen.
130;0;2;Usefulness Subscale;Subskala Utilität;Self- Improvement Utility;Utilität für Persönliches Wachstum;While working on this goal I can learn valuable lessons.;Während ich an diesem Ziel arbeite, kann ich wertvolle Lektionen lernen.;Die Dimension „Utilität eines Zieles für persönliche Wachstum“ gibt an, inwiefern ein Ziel die eigene Entwicklung fördern kann. Im Studium ist es ein erwünschter Effekt, dass die vielen Stöckchen, über die wir springen sollen, uns sozusagen als Nebeneffekt als Person reifen lassen.
131;0;4;Usefulness Subscale;Subskala Utilität;Negative Utility;Negative Utilität;Achieving this goal might be harmful for my future.;Das Erreichen dieses Ziels könnte für meine Zukunft schädlich sein.;Die Dimension „Negative Utilität“ gibt an, inwiefern ein Ziel beziehungsweise die Arbeit daran, auch negative Konsequenzen nach sich zieht. Diese negativen Konsequenzen bewusst zu berücksichtigen ist hilfreich bei der Priorisierung und bei der Entscheidung für oder gegen ein Ziel.
132;0;1;Usefulness Subscale;Subskala Utilität;Negative Utility;Negative Utilität;Achieving this goal also has negative consequences in the long-term.;Das Erreichen dieses Ziels hat langfristig auch negative Folgen.;Die Dimension „Negative Utilität“ gibt an, inwiefern ein Ziel beziehungsweise die Arbeit daran, auch negative Konsequenzen nach sich zieht. Diese negativen Konsequenzen bewusst zu berücksichtigen ist hilfreich bei der Priorisierung und bei der Entscheidung für oder gegen ein Ziel.
133;0;3;Usefulness Subscale;Subskala Utilität;Negative Utility;Negative Utilität;When I achieve this goal, it will be detrimental for a short time.;Wenn ich dieses Ziel erreiche, wird es für mich kurzfristig nachteilig sein.;Die Dimension „Negative Utilität“ gibt an, inwiefern ein Ziel beziehungsweise die Arbeit daran, auch negative Konsequenzen nach sich zieht. Diese negativen Konsequenzen bewusst zu berücksichtigen ist hilfreich bei der Priorisierung und bei der Entscheidung für oder gegen ein Ziel.
134;0;2;Usefulness Subscale;Subskala Utilität;Negative Utility;Negative Utilität;Achieving this goal has immediate negative consequences.;Das Erreichen dieses Ziels hat unmittelbare negative Folgen.;Die Dimension „Negative Utilität“ gibt an, inwiefern ein Ziel beziehungsweise die Arbeit daran, auch negative Konsequenzen nach sich zieht. Diese negativen Konsequenzen bewusst zu berücksichtigen ist hilfreich bei der Priorisierung und bei der Entscheidung für oder gegen ein Ziel.
135;0;5;Usefulness Subscale;Subskala Utilität;Negative Utility;Negative Utilität;At the moment I achieve this goal, I will face some unwanted results.;In dem Moment, in dem ich dieses Ziel erreiche, werde ich mit einigen unerwünschten Ergebnissen konfrontiert sein.;Die Dimension „Negative Utilität“ gibt an, inwiefern ein Ziel beziehungsweise die Arbeit daran, auch negative Konsequenzen nach sich zieht. Diese negativen Konsequenzen bewusst zu berücksichtigen ist hilfreich bei der Priorisierung und bei der Entscheidung für oder gegen ein Ziel.
