;participant;question;answer
50;21;Nenne bitte 3 bis 5 Eigenschaften, die Dir bei dieser Zielsystem-Visualisierung besonders gelungen zu sein scheinen.;total toll. die vierecke finde ich fantastisch
51;21;Nenne bitte 3 bis 5 Eigenschaften, die Dir bei dieser Zielsystem-Visualisierung nicht gelungen zu sein scheinen.;ein paar runde formen wären toll
52;21;Was würdest Du bei der visuellen Darstellung des Zielsystems verbessern?;mehr farbe
53;21;Ist Dir bezüglich der Zielsystem-Visualisierung sonst etwas positiv oder negativ aufgefallen?;nö
133;44;Nenne bitte 3 bis 5 Eigenschaften, die Dir bei dieser Zielsystem-Visualisierung nicht gelungen zu sein scheinen.;"keine Möglichkeit, die Feldergröße selbst zu ändern
überlappende Schriftzüge
erster Eindruck leicht chaotisch"
58;21;Hier kannst du gern noch einen abschließenden Kommentar hinzufügen:;Yippieh, der Test hat funktioniert! Klasse!
59;22;Nenne bitte 3 bis 5 Eigenschaften, die Dir bei dieser Zielsystem-Visualisierung besonders gelungen zu sein scheinen.;"Umsetzung der Aufgabenstellung
Verstehen des Systems, z.B. Korrigieren von falsch kreierten Teilen
Übertragen des gegebenen Diagramms auf das eigene"
60;22;Nenne bitte 3 bis 5 Eigenschaften, die Dir bei dieser Zielsystem-Visualisierung nicht gelungen zu sein scheinen.;"Ich habe einige Zeit gebraucht, letztendlich die Aufgabenstellung zu verstehen.
Das System habe ich nicht auf anhieb perfekt genutzt, da ich zu Beginn Elemente gelöscht und neu geschrieben habe, als sie einfach umzubenennen."
61;22;Was würdest Du bei der visuellen Darstellung des Zielsystems verbessern?;Mit leichten Farben für z.b. größere und kleinere Ziele oder einzelne Themengruppen wirkt das System vielleicht bisschen ansprechender und strukturierer
62;22;Ist Dir bezüglich der Zielsystem-Visualisierung sonst etwas positiv oder negativ aufgefallen?;Nein, im Grunde finde ich es so gut.
67;27;Nenne bitte 3 bis 5 Eigenschaften, die Dir bei dieser Zielsystem-Visualisierung besonders gelungen zu sein scheinen.;"Man kann einfach und schnell Ziele und Unterziele hinzufügen.
Die visuelle  Darstellung.
Intuitive und schnelle Löschung von Zielen."
68;27;Nenne bitte 3 bis 5 Eigenschaften, die Dir bei dieser Zielsystem-Visualisierung nicht gelungen zu sein scheinen.;"Die schon erstellten Ziele zu vertauschen.
Die Umbenennung der Ziele war teilweise verwirrend.
Die verschiedenen Ziele haben je nach Anzahl der Unterpunkte die Seiten getauscht."
69;27;Was würdest Du bei der visuellen Darstellung des Zielsystems verbessern?;Man könnte noch mit verschiedenen Farben arbeiten, sowie andere Formen und Symbole hinzufügen (Pfeile etc).
70;27;Ist Dir bezüglich der Zielsystem-Visualisierung sonst etwas positiv oder negativ aufgefallen?;-
76;29;Nenne bitte 3 bis 5 Eigenschaften, die Dir bei dieser Zielsystem-Visualisierung besonders gelungen zu sein scheinen.;Einfach zu lernen, die Größe der Felder wurde automatisch angepasst, die Schrift ist gut lesbar, übersichtliches Ergebnis
77;29;Nenne bitte 3 bis 5 Eigenschaften, die Dir bei dieser Zielsystem-Visualisierung nicht gelungen zu sein scheinen.;Man konnte die Anordnung der Elemente nicht bestimmen, die Schriftgröße kann nicht angepasst werden (schlecht für Sehbehinderte/ Ältere), Visuelle Hierarchie könnte deutlicher sein
78;29;Was würdest Du bei der visuellen Darstellung des Zielsystems verbessern?;"- Ordung der Elemente mit drag and drop ändern
- verschiedene Modelle erstellen, sodass der User das Beste auswählen kann
- Optionen für Farben, Schriftgröße, fett, kursiv
- optional: Möglichkeit, bereits erledigte Schritte auszublenden"
80;30;Nenne bitte 3 bis 5 Eigenschaften, die Dir bei dieser Zielsystem-Visualisierung besonders gelungen zu sein scheinen.;"Eingaben sind klar und direkt visuell ersichtlich;
das System hebt die simple Struktur in den Vordergrund, wodurch auf den ersten Blick das Wichtigste erfasst werden kann;
die Bedienung ist extrem einfach und intuitiv;
"
81;30;Nenne bitte 3 bis 5 Eigenschaften, die Dir bei dieser Zielsystem-Visualisierung nicht gelungen zu sein scheinen.;"die Auswahl der Überknoten könnte noch selbst geordnet sein anstatt dass man sch durch die gesamte Liste durchscrollen muss;
je mehr Punkte eingegeben werden, desto unübersichtlicher wird das Ganze;
es gibt keine Möglichkeit zwischen Elementen auf den verschiedenen Pfade zu verweisen, eventuell müssten dann Elemente doppelt eingefügt werden was die ganze Übersichtlichkeit hindert"
82;30;Was würdest Du bei der visuellen Darstellung des Zielsystems verbessern?;vielleicht könnten Farben oder andere simple visuelle Details die generelle Attraktivität der Darstellung steigern
94;32;Nenne bitte 3 bis 5 Eigenschaften, die Dir bei dieser Zielsystem-Visualisierung besonders gelungen zu sein scheinen.;Ich habe den Aufbau des Zielsystem verstanden, ich konnte einfach verschieden Oberziele auswählen und ihnen Unterziele hinzufügen, das Umbenennen ist mir auch gut gelungen, ich habe die richtige Struktur bewahrt
95;32;Nenne bitte 3 bis 5 Eigenschaften, die Dir bei dieser Zielsystem-Visualisierung nicht gelungen zu sein scheinen.;Ich habe nicht genau die gleiche Ausrichtung der Visualisierung dargestellt, mir ist es bei ein paar Wörtern schwer gefallen sie zu entziffern, 
96;32;Was würdest Du bei der visuellen Darstellung des Zielsystems verbessern?;bessere Abgrenzungen, vielleicht auch farblich, Schrift so ausrichten, dass man sie gut lesen kann und sie nicht in ein anderes Feld ragt 
97;32;Ist Dir bezüglich der Zielsystem-Visualisierung sonst etwas positiv oder negativ aufgefallen?;Man konnte die Ebenen gut erkennen
98;33;Nenne bitte 3 bis 5 Eigenschaften, die Dir bei dieser Zielsystem-Visualisierung besonders gelungen zu sein scheinen.;"Die unmittelbare Visualisierung macht das System sehr leicht erlernbar durch trial-and-error.
Das dynamische dropdown-menü erleichtert die Bedienung ebenfalls.
"
99;33;Nenne bitte 3 bis 5 Eigenschaften, die Dir bei dieser Zielsystem-Visualisierung nicht gelungen zu sein scheinen.;"Dass die Visualisierung nicht interaktiv ist, ist schade.
Man hat keine direkte Möglichkeit die Anordnung der verschiedenen Punkte zu beeinflussen."
100;33;Was würdest Du bei der visuellen Darstellung des Zielsystems verbessern?;"Visualisierte Ansicht auch interaktiv nutzbar machen:
- Drag-and-drop um Unterpunkte anzuordnen oder nachträglich einem Oberthema zuzuordnen
- Doppelklick in Oberthema um neuen Unterpunkt zu erzeugen"
106;35;Nenne bitte 3 bis 5 Eigenschaften, die Dir bei dieser Zielsystem-Visualisierung besonders gelungen zu sein scheinen.;"super überschaubares Design der Graphik
einfaches umbenennen und hinzufügen (löschen habe ich nicht ausprobiert)
sehr intuitiv, keine Einarbeitungszeit "
107;35;Nenne bitte 3 bis 5 Eigenschaften, die Dir bei dieser Zielsystem-Visualisierung nicht gelungen zu sein scheinen.;"Auswahl der auszuwählenden Punkte, beim hinzufügen musste ich trotz alphabetischer Sortierung lange nach dem gewünschten Punkt suchen
Kreise ändern ihre Position, ich war kurz verwirrt und musste nach meinem Kreis suchen


"
108;35;Was würdest Du bei der visuellen Darstellung des Zielsystems verbessern?;"zeigen, wenn die Kreise ihren Ort ändern
Kreise tauschen, verschieben
bessere Ordnung der zu erstellenden/ umbenennenden punkte im Menü  "
109;35;Ist Dir bezüglich der Zielsystem-Visualisierung sonst etwas positiv oder negativ aufgefallen?;tolles klares design
114;35;Hier kannst du gern noch einen abschließenden Kommentar hinzufügen:;Tolle Ideen, verschieben von Blöcken wäre super!
115;36;Nenne bitte 3 bis 5 Eigenschaften, die Dir bei dieser Zielsystem-Visualisierung besonders gelungen zu sein scheinen.;"Fehlerarmes arbeiten; schnelles zurechtfinden; Effizienter Nutzung"
116;36;Nenne bitte 3 bis 5 Eigenschaften, die Dir bei dieser Zielsystem-Visualisierung nicht gelungen zu sein scheinen.;"Die Reihenfolge nachzuahmen; Systematisches Vorgehen; Effizientes arbeiten"
117;36;Was würdest Du bei der visuellen Darstellung des Zielsystems verbessern?;Nicht als (teil) Kreis, sondern als Balken, die von oben nach unten spezifischer werden. Die Auswahl des neuen Oberziels könnte halachisch sortiert sein.
118;36;Ist Dir bezüglich der Zielsystem-Visualisierung sonst etwas positiv oder negativ aufgefallen?;Nein
123;38;Nenne bitte 3 bis 5 Eigenschaften, die Dir bei dieser Zielsystem-Visualisierung besonders gelungen zu sein scheinen.;"Einfachheit
Transparenz 
Linearität"
124;38;Nenne bitte 3 bis 5 Eigenschaften, die Dir bei dieser Zielsystem-Visualisierung nicht gelungen zu sein scheinen.;"Perfektion
Verbesserung
Veränderung"
125;38;Was würdest Du bei der visuellen Darstellung des Zielsystems verbessern?;"Farbe einbringen
Linientypen anbieten"
126;38;Ist Dir bezüglich der Zielsystem-Visualisierung sonst etwas positiv oder negativ aufgefallen?;Ich finde es nützlich.
131;38;Hier kannst du gern noch einen abschließenden Kommentar hinzufügen:;War cool !
132;44;Nenne bitte 3 bis 5 Eigenschaften, die Dir bei dieser Zielsystem-Visualisierung besonders gelungen zu sein scheinen.;"Struktur der Ziele
Übersichtlichkeit
Schlichtheit"
134;44;Was würdest Du bei der visuellen Darstellung des Zielsystems verbessern?;"Einführung von Farbcodierung
Textgröße/Textposition den Feldern anpassen"
135;44;Ist Dir bezüglich der Zielsystem-Visualisierung sonst etwas positiv oder negativ aufgefallen?;die erste Verwirrung dauerte ganz kurz - man findet sich schnell im System zurecht
546;139;Was würdest Du bei der visuellen Darstellung des Zielsystems verbessern?;"Mehr mit Farben arbeiten um die Übersichtlichkeit zu verbessern

 "
140;45;Nenne bitte 3 bis 5 Eigenschaften, die Dir bei dieser Zielsystem-Visualisierung besonders gelungen zu sein scheinen.;Ich fand die Bedienung sehr intuitiv und verständlich. Es war für mich einfach nachzuvollziehen, wie die verschiedenen Bereiche unterteilt waren und dementsprechend nicht schwierig diese zu visualisieren. Wenn ich mich nicht irre, habe ich die originale Darstellung eins zu eins wiedergegeben. 
141;45;Nenne bitte 3 bis 5 Eigenschaften, die Dir bei dieser Zielsystem-Visualisierung nicht gelungen zu sein scheinen.;"Ich hatte Probleme mit der Reihenfolge der Bereiche. Vor allem bei dem Bereich Fächer war die Reihenfolge der drei Unterbereiche nicht ganz ersichtlich aus der Darstellung. Ob nun ""Schriftliche Prüfung"" oder ""Wahlbereich"" der zweite Bereich war, war leider nicht zu erkennen und nur durch eigenständiges Herumprobieren feststellbar. Auch habe ich aus Versehen ab und zu nicht in meinen neu erstellten Bereich neue Bereiche erstellt, sondern in dem übergeordneten Bereich, weshalb ich ab und zu Bereiche löschen musste."
142;45;Was würdest Du bei der visuellen Darstellung des Zielsystems verbessern?;Ich würde mich über eine Funktion freuen, mit der man die erstellten Kästchen verschieben oder vertauschen könnte, wenn man sie nicht in der richtigen Reihenfolge angelegt hat. Beispielsweise beim Wahlbereich und der Schriftlichen Prüfung habe ich leider die Reihenfolge vertauscht und es wurde nicht korrekt visualisiert, also wie auf dem Original. Deshalb musste ich dann beide Bereiche nochmal löschen und herumprobieren, welchen von den beiden Bereichen ich zuerst anlegen muss, damit sie in der richtige Reihenfolge angezeigt werden.
143;45;Ist Dir bezüglich der Zielsystem-Visualisierung sonst etwas positiv oder negativ aufgefallen?;Ich finde das Programm ist leicht und ohne große Erklärungen zu bedienen und gut verständlich. Der einzige Verbesserungsvorschlag wäre der bereits genannte Vorschlag, dass man die Reihenfolge der Unterbereiche besser darstellen könnte, damit sich die Kategorien nicht falsch verschieben und plötzlich die Positionen nicht mehr stimmen. Ansonsten gefällt mir das Programm sehr gut, weiter so!
144;47;Nenne bitte 3 bis 5 Eigenschaften, die Dir bei dieser Zielsystem-Visualisierung besonders gelungen zu sein scheinen.;"- Kreise ordneten sich automatisch übersichtlich an
- einfache und eingängige Visualisierung des Erstellungsmenüs, es gab dort keine unnötigen Schaltflächen
"
145;47;Nenne bitte 3 bis 5 Eigenschaften, die Dir bei dieser Zielsystem-Visualisierung nicht gelungen zu sein scheinen.;"- Schrift schnitt sich bei längeren Wörtern mit den Linien, hier wäre ein automatischer Absatz vielleicht sinnvoll
- sehr viel ungenutzte Fläche des ""Abitur""-Kreises macht das Schaubild größer als es sein müsste
- die Schrift des Oberbegriffes war im Vergleich zum Kreisradius relativ klein"
146;47;Was würdest Du bei der visuellen Darstellung des Zielsystems verbessern?;"- Statt eines Kreises würde sich bei einer Füllung des Oberbegriffes mit n=2 Unterbegriffen eine Ellipse anbieten
- optional könnte man die Kreise mit verschiedenen Farben darstellen um eine bessere Trennung zu erreichen (z.B. 1. Unterbegriff in Rottönen abstufen, 2. Unterbegriff in Gelbtönen abstufen etc.)
"
152;45;Hier kannst du gern noch einen abschließenden Kommentar hinzufügen:;Das war eine interessante Studie, die auch viel Eigeniniative gefordert hat. Hat Spaß gemacht! :)
153;48;Nenne bitte 3 bis 5 Eigenschaften, die Dir bei dieser Zielsystem-Visualisierung besonders gelungen zu sein scheinen.;"Multiperspektivität
Ausgleich (Freizeit Bildung)
Realistisch"
154;48;Nenne bitte 3 bis 5 Eigenschaften, die Dir bei dieser Zielsystem-Visualisierung nicht gelungen zu sein scheinen.;"Objektivität (?)
Wunschvorstellung
noch nicht ausgeführt, praktische Umsetzbarkeit
Langzeiteffekt"
155;48;Was würdest Du bei der visuellen Darstellung des Zielsystems verbessern?;"Farben um es ansprechender zu gestalten 
andere mögliche Darstellungsoptionen (als Baumdiagramm, andere Diagrammart)"
156;48;Ist Dir bezüglich der Zielsystem-Visualisierung sonst etwas positiv oder negativ aufgefallen?;-
162;49;Nenne bitte 3 bis 5 Eigenschaften, die Dir bei dieser Zielsystem-Visualisierung besonders gelungen zu sein scheinen.;"Die Anordnung
Die Einteilung
Die Handhabung"
163;49;Nenne bitte 3 bis 5 Eigenschaften, die Dir bei dieser Zielsystem-Visualisierung nicht gelungen zu sein scheinen.;"Die Abgrenzung von Ober- und Unterpunkten
Hervorheben der Oberpunkte
Die Übersicht könnte man besser gestalten (ich habe das Gefühl, wenn man das erste mal drauf schaut, kann es etwas verwirrend aussehen)
"
164;49;Was würdest Du bei der visuellen Darstellung des Zielsystems verbessern?;"Ich würde Oberpunkte mehr hervorheben
ich würde klarere Grenzen ziehen zwischen den verschiedenen Ober- und Unterpunkten"
170;50;Nenne bitte 3 bis 5 Eigenschaften, die Dir bei dieser Zielsystem-Visualisierung besonders gelungen zu sein scheinen.;"Kompakt, wenig umfangreich.
Übersichtliche grafische Darstellung, wenn man sein Zielsystem denn mal aufgebaut hat.
Die hierarchische Darstellung zeigt einem die Zusammenhänge zwischen Zwischenzielen und Zielen."
171;50;Nenne bitte 3 bis 5 Eigenschaften, die Dir bei dieser Zielsystem-Visualisierung nicht gelungen zu sein scheinen.;Die Beschreibung ist total unübersichtlich. Um das System überhaupt  nutzen zu können, muss man sich erstmal eine halbe Seite Text merken. Das schaft kein Mensch einfach so. So ist das System schwierig zu nutzen und man hat auch von vornherein überhaupt keine Lust dazu, weil nicht direkt ersichtlich ist, was einem das System überhaupt bringen sollte.
172;50;Was würdest Du bei der visuellen Darstellung des Zielsystems verbessern?;"Mehrfarbige Darstellung statt Schwarz-weiß.
Pop-up-Erklärschilder, wenn man mit der Maus einen Bestandteil des Diagramms berührt.
Möglichkeit die Module mit der Maus zu erstellen, statt über das externe Kästchen."
178;50;Hier kannst du gern noch einen abschließenden Kommentar hinzufügen:;Cooles Projekt! Bei der ersten Seite war ich ziemlich skeptisch, weil ich zu ungeduldig war, um die ganze Seite Text durchzulesen. Die weiteren Seiten waren aber sehr interessant und intuitiv zu bedienen.
179;53;Nenne bitte 3 bis 5 Eigenschaften, die Dir bei dieser Zielsystem-Visualisierung besonders gelungen zu sein scheinen.;- keine Ablenkung
180;53;Nenne bitte 3 bis 5 Eigenschaften, die Dir bei dieser Zielsystem-Visualisierung nicht gelungen zu sein scheinen.;"- Übersichtlichkeit
- keine Klarheit, um welche hierarchische Stufe es sich handelt"
181;53;Was würdest Du bei der visuellen Darstellung des Zielsystems verbessern?;- eindeutigere Darstellung
187;54;Nenne bitte 3 bis 5 Eigenschaften, die Dir bei dieser Zielsystem-Visualisierung besonders gelungen zu sein scheinen.;Ordnung, Fokus, roter Faden 
188;54;Nenne bitte 3 bis 5 Eigenschaften, die Dir bei dieser Zielsystem-Visualisierung nicht gelungen zu sein scheinen.;Gute Formulierung, universelle Bezeichnung, Spezialisierung 
189;54;Was würdest Du bei der visuellen Darstellung des Zielsystems verbessern?;Optionen vorschlagen, wenn man gerade ein Unterziel eingeben möchte 
204;57;Nenne bitte 3 bis 5 Eigenschaften, die Dir bei dieser Zielsystem-Visualisierung besonders gelungen zu sein scheinen.;"- Einbettung von Untergruppen unter ein Ziel 
- gleichrangige Ziele haben auch gleich viel Platz/gleich große Flächen
- Auswahlliste für Oberziele und zu löschendem Ziel (aus den bestehenden Zielen)
- Oberziel bleibt ausgewählt; man muss nicht jedes mal neu auswählen, wenn man zum gleichen Ziel ein Unterziel hinzufügen möchte"
196;55;Nenne bitte 3 bis 5 Eigenschaften, die Dir bei dieser Zielsystem-Visualisierung besonders gelungen zu sein scheinen.;"-Verständlichkeit
-Handhabbarkeit
-einfach zu benutzen"
197;55;Nenne bitte 3 bis 5 Eigenschaften, die Dir bei dieser Zielsystem-Visualisierung nicht gelungen zu sein scheinen.;"-Unterscheidung der Wichtigkeit von Zielen
-Übersichtlichkeit
-kein Nutzen über strukturierte Liste hinaus"
198;55;Was würdest Du bei der visuellen Darstellung des Zielsystems verbessern?;Mehr Kontrolle über Größe der Kreise
199;55;Ist Dir bezüglich der Zielsystem-Visualisierung sonst etwas positiv oder negativ aufgefallen?;Nein
205;57;Nenne bitte 3 bis 5 Eigenschaften, die Dir bei dieser Zielsystem-Visualisierung nicht gelungen zu sein scheinen.;"- man kann Ziele nicht auswählen und/oder löschen, indem man auf sie in der Darstellung klickt
- Auswahlliste für neue Unterziele eher störend als hilfreich
- ich konnte nicht gut unterscheiden, ob ""Wahlbereich"" unter ""Fächer"" oder unter ""Schriftliche Prüfungen"" fällt
- ""Mündliche Prüfung"" war über den Rand hinausgeschrieben und der Kasten dafür sehr schmal"
206;57;Was würdest Du bei der visuellen Darstellung des Zielsystems verbessern?;"- farbliche Codierung der Ziele; die Katgeorien ""Schriftliche Prüfungen"", ""Wahlbereich"", ""Mündliche Prüfung"" und ""Notenverbesserung"" insgesamt (mit Unterzielen) in verschiedenen Farben hinterlegen; dadurch wird deutlich, dass sie gleichrangig sind und man kann sie schneller optisch trennen
- Ziele in der Gesamtdarstellung auswählen (beim Draufklicken Fokus + als Oberziel eintragen), löschen (mittels Entf oder Löschtaste) und ""umschieben"" (z.B. neben ein anderes Ziel statt unter das Ziel schieben) können
- Auswahlliste für neue Unterziele weglassen"
207;57;Ist Dir bezüglich der Zielsystem-Visualisierung sonst etwas positiv oder negativ aufgefallen?;Ich konnte nicht gut nachvollziehen, wie das Programm entscheidet, ob es gleichrangige Ziele nebeneinander oder untereinander anordnet. Der Platz durch die Unterziele scheint eine Rolle zu spielen, allerdings erschien es mir nicht konsistent, die Reihenfolge der Eingabe hat auch einen Unterschied gemacht.
218;59;Nenne bitte 3 bis 5 Eigenschaften, die Dir bei dieser Zielsystem-Visualisierung nicht gelungen zu sein scheinen.;"- räumlich nicht verschiebbar
- Ebenen nicht schnell zu wechseln
- Farbmöglichkeit zur Übersicht"
213;58;Nenne bitte 3 bis 5 Eigenschaften, die Dir bei dieser Zielsystem-Visualisierung besonders gelungen zu sein scheinen.;"schnelle Auffassung
"
214;58;Nenne bitte 3 bis 5 Eigenschaften, die Dir bei dieser Zielsystem-Visualisierung nicht gelungen zu sein scheinen.;"richtige Reihenfolge einiger Unterziele
Rechtschreibung"
215;58;Was würdest Du bei der visuellen Darstellung des Zielsystems verbessern?;"Farben
Möglichkeiten, erreichte Ziele zu kennzeichnen
zeitliche Komponente - wann soll mein Ziel erreicht sein
"
217;59;Nenne bitte 3 bis 5 Eigenschaften, die Dir bei dieser Zielsystem-Visualisierung besonders gelungen zu sein scheinen.;"- klare Hierachie
- schnell visuell zu erfassen
- gliedert einfach in Teilschritte"
219;59;Was würdest Du bei der visuellen Darstellung des Zielsystems verbessern?;"- Farben
- räumliche Verschiebbarkeit"
226;61;Nenne bitte 3 bis 5 Eigenschaften, die Dir bei dieser Zielsystem-Visualisierung besonders gelungen zu sein scheinen.;"Ich habe das zweite Teilziel vom Ziel ""Abitur"" schnell visualisiert.
Ich habe die Teilziele vom Teilziel ""Schriftliche Prüfung"" schnell visualisiert.
Ich habe das Prinzip gut und schnell verstanden."
227;61;Nenne bitte 3 bis 5 Eigenschaften, die Dir bei dieser Zielsystem-Visualisierung nicht gelungen zu sein scheinen.;"Ich habe etwas länger gebraucht, um die drei Teilziele des Teilziels ""Fächer"" richtig zu visualisieren.
Ich habe zuerst das Teilziel ""Wahlbereich"" dem Teilziel ""Abitur"" untergeordnet.
Ich habe die Teilziele des Teilziels ""Nachhilfeunterricht"" zuerst in der falschen Reihenfolge eingetragen."
228;61;Was würdest Du bei der visuellen Darstellung des Zielsystems verbessern?;Ich würde mit Farben arbeiten und einen Platz für Notizen schaffen.
255;69;Hier kannst du gern noch einen abschließenden Kommentar hinzufügen:;Es war sehr interessant, sich vor Augen zu führen, wie man abstrakte Ziele in kleine konkrete, leichter zu erreichende Ziele aufspalten kann!
256;70;Nenne bitte 3 bis 5 Eigenschaften, die Dir bei dieser Zielsystem-Visualisierung besonders gelungen zu sein scheinen.;Übersichtlichkeit, Intuitivität, Dynamik, Einfachheit
229;61;Ist Dir bezüglich der Zielsystem-Visualisierung sonst etwas positiv oder negativ aufgefallen?;Es kam vor, dass sich die Reihenfolge (wie die Teilziele neben- oder untereinander erschienen sind) geändert hat, wenn ich zwei Teilziele eingegeben, diese dann gelöscht und noch einmal in der entsprechend anderen Reihenfolge eingetragen habe.
234;63;Nenne bitte 3 bis 5 Eigenschaften, die Dir bei dieser Zielsystem-Visualisierung besonders gelungen zu sein scheinen.;"neues einfügen
Tempo
"
235;63;Nenne bitte 3 bis 5 Eigenschaften, die Dir bei dieser Zielsystem-Visualisierung nicht gelungen zu sein scheinen.;"Beginn
Reihenfolge
Umtauschen"
236;63;Was würdest Du bei der visuellen Darstellung des Zielsystems verbessern?;farbliche Darstellung
237;63;Ist Dir bezüglich der Zielsystem-Visualisierung sonst etwas positiv oder negativ aufgefallen?;sehr einfach zu bedienen
243;65;Nenne bitte 3 bis 5 Eigenschaften, die Dir bei dieser Zielsystem-Visualisierung besonders gelungen zu sein scheinen.;"- visuelle Darstellung hilft bei der individuellen Planung
- man versteht schnell, wie es funktioniert
- UI ist sehr klar
"
244;65;Nenne bitte 3 bis 5 Eigenschaften, die Dir bei dieser Zielsystem-Visualisierung nicht gelungen zu sein scheinen.;"- zu umständlich (auf Bereich klicken und neuen Unterpukt zu erstellen wäre einfachen/intuitiver)
- Hat keine Vorteile ggü Planung auf Papier 
- andere Darstellung wie Baumdiagramm oder Liste mit Unterpunkte scheint selben Zweck zu erfüllen. Es gibt keinen Mehrwert, die Boxen aufwendig zu erstellen"
245;65;Was würdest Du bei der visuellen Darstellung des Zielsystems verbessern?;"- zu umständlich und unübersichtlich, es wäre gut, verschiedene Bereiche farblich zu unterscheiden (z.B. einen Farbgradient für einen ""Ast"").
- die äußeren Bereich sind sehr klein, man sieht nicht genau, auf welcher Ebene/Höhe sich die ""Blätter"" befinden"
247;69;Nenne bitte 3 bis 5 Eigenschaften, die Dir bei dieser Zielsystem-Visualisierung besonders gelungen zu sein scheinen.;"- flexible Darstellung
- passt gut auf z.B. eine Din-A4-Seite (kompaktes Format)
- in die einzelnen Kästchen können Aufgaben zum Erreichen des Ziels geschrieben werden"
248;69;Nenne bitte 3 bis 5 Eigenschaften, die Dir bei dieser Zielsystem-Visualisierung nicht gelungen zu sein scheinen.;"- Hierarchie ist nicht so gut zu erkennen (weil nicht alle Ziele in ihrer hierarchischen Reihenfolge von oben nach unten stehen, sondern auch höher geordnete Themen unter niedriger geordneten stehen können)
- viele Kästchen schachteln sich ineinander, das erzeugt sehr viele Rahmen
- wenn man die Hierarchie nicht kennt, ist es schwer, sie intuitiv zu erfassen"
249;69;Was würdest Du bei der visuellen Darstellung des Zielsystems verbessern?;"Vielleicht eher wie ein Baumdiagramm darstellen, damit die Hierarchie deutlicher wird; oder mit Farben arbeiten"
257;70;Nenne bitte 3 bis 5 Eigenschaften, die Dir bei dieser Zielsystem-Visualisierung nicht gelungen zu sein scheinen.;Schönheit, Farbgestaltung, Detailliertheit
258;70;Was würdest Du bei der visuellen Darstellung des Zielsystems verbessern?;Nutzung von Farben, Erläuterungsbereich zu den Einzelpunkten, Drag-and-Drop Funktionalität
259;70;Ist Dir bezüglich der Zielsystem-Visualisierung sonst etwas positiv oder negativ aufgefallen?;Auto-Vervollständigung der Begriffe war praktisch
265;72;Nenne bitte 3 bis 5 Eigenschaften, die Dir bei dieser Zielsystem-Visualisierung besonders gelungen zu sein scheinen.;"1. Man sieht alles auf einen Blick (schön kompakt)
2. Man erkennt Zusammenhänge gut: man sieht sofort welches Oberthema welche Unterthemen hat und, dass die Unterthemen gleichrangig sind
3. das Ziel Abitur im Mittelpunkt springt einem immer zuerst ins Auge und ist der Punkt , an dem man sich beim Bauen des Systems orientiert"
266;72;Nenne bitte 3 bis 5 Eigenschaften, die Dir bei dieser Zielsystem-Visualisierung nicht gelungen zu sein scheinen.;"1. die Schrift ist sehr klein auf sehr großer Fläche und so eher schlecht zu erkennen
2. alles sieht ähnlich aus durch gleiche Schriftgröße und -farbe
3. manchmal überschneiden sich Linien und Schrift"
267;72;Was würdest Du bei der visuellen Darstellung des Zielsystems verbessern?;Um die Zugehörigkeit von Unterthemen zu einem bestimmten Oberthema hervorzuheben, könnte man jeden Zweig mit einer Hintergrundfarbe färben, die je nach Hierarchie des Themas blasser wird. Dazu könnte man auch der Linien- oder Schriftstärke erhöhen.
268;72;Ist Dir bezüglich der Zielsystem-Visualisierung sonst etwas positiv oder negativ aufgefallen?;Dadurch dass man durch Klicken neue Unterthemen einfügen kann, bekommt man Lust etwas mit dem System herumzuspielen und zu schauen, wo das nächste Unterthema entsteht.
273;73;Nenne bitte 3 bis 5 Eigenschaften, die Dir bei dieser Zielsystem-Visualisierung besonders gelungen zu sein scheinen.;"Hierarchische Anordnung
Automatische Anpassung nach Größe der Visualisierung
"
274;73;Nenne bitte 3 bis 5 Eigenschaften, die Dir bei dieser Zielsystem-Visualisierung nicht gelungen zu sein scheinen.;"Stärkere (farbliche) Abgrenzung der einzelnen Bereiche
Bei der Umbenennung ändert das zuletzt bearbeitete Objekt seinen Ort"
275;73;Was würdest Du bei der visuellen Darstellung des Zielsystems verbessern?;Verschieben - Tauschen von Objekten in der gleichen Ebene ermöglichen
423;106;Ist Dir bezüglich der Zielsystem-Visualisierung sonst etwas positiv oder negativ aufgefallen?;-negativ: nur Schwarz-Weiß, keine bunten Farben/Unterstriche/weiterer SchnickSchnack
281;74;Nenne bitte 3 bis 5 Eigenschaften, die Dir bei dieser Zielsystem-Visualisierung besonders gelungen zu sein scheinen.;Ich hab relativ schnell verstanden wie das Schaubild mit dem Drop Down Menü erstellt wird und konnte dann zügig das Schaubild nachbilden. Ich habe die Anordnung der schriftlichen Prüfungen so geordnet, wie ich sie persönlich ansprechender finde.
282;74;Nenne bitte 3 bis 5 Eigenschaften, die Dir bei dieser Zielsystem-Visualisierung nicht gelungen zu sein scheinen.;Spontan fällt mir nichts ein was mir nicht so recht gelungen ist.
283;74;Was würdest Du bei der visuellen Darstellung des Zielsystems verbessern?;Ich persönlich mag Color-coding gerne für Planungen. Man könnte eine Option einbauen durch die der Nutzer selbst entscheiden kann, ob und wie er Color Coding benutzt.
284;74;Ist Dir bezüglich der Zielsystem-Visualisierung sonst etwas positiv oder negativ aufgefallen?;Ich fand es gut, dass das Schaubild sich sofort aktualisiert wurde, so kann man evtl. Fehler sofort beheben.
289;76;Nenne bitte 3 bis 5 Eigenschaften, die Dir bei dieser Zielsystem-Visualisierung besonders gelungen zu sein scheinen.;Man kann auf den ersten Blick sehen welche Unterziele zu welchem Oberziel gehören. Das große, übergeordnete Ziel steht in der Mitte, rückt damit in den Mittelpunkt.
290;76;Nenne bitte 3 bis 5 Eigenschaften, die Dir bei dieser Zielsystem-Visualisierung nicht gelungen zu sein scheinen.;"Lange Wörter ""schneiden"" in die Zielkreise der Unter-/Oberziele ein. Es ist nicht direkt ersichtlich in welcher Reihenfolge die Ziele hinzugefügt werden, auch eine ""Priorisierung"" der Ziele ist nicht erkennbar."
291;76;Was würdest Du bei der visuellen Darstellung des Zielsystems verbessern?;Evenutelle eine Arbeit mit einem Farbsystem, zum Beispiel Schattierungen um Zusammengehörige Bereiche zu kennzeichnen oder Farben für eine Dringlichkeit/Höhe Priorität zuzuordnen.
297;78;Nenne bitte 3 bis 5 Eigenschaften, die Dir bei dieser Zielsystem-Visualisierung besonders gelungen zu sein scheinen.;hierarchische Struktur, leichte Nutzung, klare Visualisierung der einzelnen Aspekte und deren Zusammenhang, Visualisierung verschafft guten Überlick über einzelne unter- und übergeordnete Ziele
298;78;Nenne bitte 3 bis 5 Eigenschaften, die Dir bei dieser Zielsystem-Visualisierung nicht gelungen zu sein scheinen.;Wenn zwei Oberziele die selben Vorraussetzungen haben konnte man die Gemeinsamkeiten nicht visuell darstellen, da die Unterpunkte (Vorraussetzungen) nur einem Oberziel zugeordnet werden können.
299;78;Was würdest Du bei der visuellen Darstellung des Zielsystems verbessern?;gleiche Aspekte farblich hervorheben, da die Hierarchie es nicht erlaubt 
300;78;Ist Dir bezüglich der Zielsystem-Visualisierung sonst etwas positiv oder negativ aufgefallen?;-
301;79;Nenne bitte 3 bis 5 Eigenschaften, die Dir bei dieser Zielsystem-Visualisierung besonders gelungen zu sein scheinen.;Die Zielsystem-Visualisierung scheint mir ihre Aufgabe vollständig zu erfüllen insofern als sie ein schriftlich angefertigtes System, was teilweise nicht sehr durchzublicken ist, prägnant und klar veranschaulicht. 
302;79;Nenne bitte 3 bis 5 Eigenschaften, die Dir bei dieser Zielsystem-Visualisierung nicht gelungen zu sein scheinen.;Rein aus dem Beispiel ist mir nicht so ersichtlich, wie man den eigenen Fortschritt dokumentieren kann.
303;79;Was würdest Du bei der visuellen Darstellung des Zielsystems verbessern?;"Um den eigenen Fortschritt zu dokumentieren, vielleicht könnte man mit dem Diagramm parallel eine Checkliste führen, einfach um einen etwas detaillierten Plan zu ermöglichen. Je nachdem, wie viele Unterpunkte aus der Checkliste, die zu den jeweiligen Zielen aus dem Diagramm zugeordnet sind, abgehakt worden sind, kann man dies in der Zielsystem-Darstellung durch eine ""piechart""-ähnliche veranschaulichen (so und so viel Prozent der Unterpunkte bspw. zum Ziel ""schriftliche Prüfung"" wurden erreicht etc.)"
304;79;Ist Dir bezüglich der Zielsystem-Visualisierung sonst etwas positiv oder negativ aufgefallen?;Das war's schon.
313;78;Hier kannst du gern noch einen abschließenden Kommentar hinzufügen:;Ich kann mir gut vorstellen mit einer App zur Visualisierung von Zielen und einzelnen Teilziele, diese leichter, motivierter unnd srukturierter zu erreichen.
314;83;Nenne bitte 3 bis 5 Eigenschaften, die Dir bei dieser Zielsystem-Visualisierung besonders gelungen zu sein scheinen.;Simple, strukturiert, übersichtlich
315;83;Nenne bitte 3 bis 5 Eigenschaften, die Dir bei dieser Zielsystem-Visualisierung nicht gelungen zu sein scheinen.;"Verschieben der Teilziele(Kreise)  nur durch löschen oder ggf. umbenennen falls möglich --> ggf. ziehen der Teilziele mit der Maus ermöglichen / anbieten als option;   Schlicht --> ggf. farbliche (nicht zu aufdringlich) Untermalung / Indikationen der Hierachien, ..."
316;83;Was würdest Du bei der visuellen Darstellung des Zielsystems verbessern?;Farben einfügen
317;83;Ist Dir bezüglich der Zielsystem-Visualisierung sonst etwas positiv oder negativ aufgefallen?;nein
322;85;Nenne bitte 3 bis 5 Eigenschaften, die Dir bei dieser Zielsystem-Visualisierung besonders gelungen zu sein scheinen.;geringe Komplexität, intuitive Darstellung der Hierarchien, einfache Eingabe
323;85;Nenne bitte 3 bis 5 Eigenschaften, die Dir bei dieser Zielsystem-Visualisierung nicht gelungen zu sein scheinen.;Unübersichtlichkeit durch die feinen Linien, schlechte Nutzung von vorhandenem Platz, unklare Festlegung der Reihenfolge von Elementen in ein und derselben Stufe in der Hierarchie
324;85;Was würdest Du bei der visuellen Darstellung des Zielsystems verbessern?;Lesbarkeit verbessern durch das Auflösen der strengen rechteckigen Struktur
330;87;Nenne bitte 3 bis 5 Eigenschaften, die Dir bei dieser Zielsystem-Visualisierung besonders gelungen zu sein scheinen.;"Unterteilung in übergeordnete Ziele und Teilziele
direkte Einordnung der Teilziele zu den zugehörigen übergeordneten Ziele
variable Eingabemöglichkeit von beliebig vielen Teilzielen"
331;87;Nenne bitte 3 bis 5 Eigenschaften, die Dir bei dieser Zielsystem-Visualisierung nicht gelungen zu sein scheinen.;"Je mehr Teilziele desto unübersichtlicher wird alles, da Kreise immer kleiner werden
die Kreise bleiben nicht konstant am selben Fleck, ich habe z.b. zuerst das ""Notenverbesserungsziel"" bearbeitet, dabei hat es automatisch mit dem ""Fächer"" Ziel Plätze getauscht
Es gibt keine Möglichkeit von Überschneidungen. An sich wäre es sinnvoll, wenn man ein Teilziel gleich mehreren übergeordneten Zielen zuordnen könnte."
332;87;Was würdest Du bei der visuellen Darstellung des Zielsystems verbessern?;"Ich würde eher Kästchen statt Kreise nehmen (da passt mehr Text rein, falls man bsw. seinen Zielen auch noch Kommentare hinzufügen möchte) und ich würde die Kästchen evt. auch nicht ineinander verschachteln sondern alles wie bei einem Baumdiagramm aufzeichnen
Zusätzlich fände ich es intuitiver, wenn man die Kästchen selbst an einen Ort ziehen könnte und in jedem Kästchen den Text selbst bearbeiten könnte, da man so sofort sehen kann, was in dem Diagramm passiert."
334;88;Nenne bitte 3 bis 5 Eigenschaften, die Dir bei dieser Zielsystem-Visualisierung besonders gelungen zu sein scheinen.;"- hierarchien waren klar abgetrennt
- die ziele waren gut lesbar
- die größe es zieles hat mit der anzahl der unterziele korrespondiert"
335;88;Nenne bitte 3 bis 5 Eigenschaften, die Dir bei dieser Zielsystem-Visualisierung nicht gelungen zu sein scheinen.;"- durch die kreisförmige darstellung ist man schnell irritiert. pyramide o.ä ist intutiver
- eventuell zusammenhängende ziele auf einer ebene können nicht abgebildet werden
- ich glaube ich würde das nicht verstehen hätte ich es nicht selbst erstellt
"
336;88;Was würdest Du bei der visuellen Darstellung des Zielsystems verbessern?;- ich würde eine intuitive form wählen
337;88;Ist Dir bezüglich der Zielsystem-Visualisierung sonst etwas positiv oder negativ aufgefallen?;nein
342;91;Nenne bitte 3 bis 5 Eigenschaften, die Dir bei dieser Zielsystem-Visualisierung besonders gelungen zu sein scheinen.;"Die Darstellung in Kreisen.
Das Auswählen der zuvor eingegebenen Unterpunkte.
Die Größendarstellung der einzelnen Bereiche."
343;91;Nenne bitte 3 bis 5 Eigenschaften, die Dir bei dieser Zielsystem-Visualisierung nicht gelungen zu sein scheinen.;"Die Größen sollten nach Wichtigkeit individuell verstellbar sein.
Die Anordnung sollte im Nachhinein noch verändert werden können.
Man muss das ganze Unterziel löschen, wenn man weiter oben in der Hierarchie einen Fehler gemacht hat. "
344;91;Was würdest Du bei der visuellen Darstellung des Zielsystems verbessern?;Der Nutzer sollte die Darstellung zusätzlich direkt bearbeiten können (wie zuvor beschrieben).
345;91;Ist Dir bezüglich der Zielsystem-Visualisierung sonst etwas positiv oder negativ aufgefallen?;Das System ist leicht verständlich und schön visualisiert, sehr übersichtlich.
572;143;Was würdest Du bei der visuellen Darstellung des Zielsystems verbessern?;Ich fände es besser, wenn man nich Farben etc auswählen könnte.
573;143;Ist Dir bezüglich der Zielsystem-Visualisierung sonst etwas positiv oder negativ aufgefallen?;Nicht wirklich.
447;112;Was würdest Du bei der visuellen Darstellung des Zielsystems verbessern?;übersichtlichkeit
351;93;Nenne bitte 3 bis 5 Eigenschaften, die Dir bei dieser Zielsystem-Visualisierung besonders gelungen zu sein scheinen.;"- einfache Handhabung beim Einfügen, Löschen und Umbenennen
- Teilziele übersichtlich nebeneinander
- leicht zu verstehen"
352;93;Nenne bitte 3 bis 5 Eigenschaften, die Dir bei dieser Zielsystem-Visualisierung nicht gelungen zu sein scheinen.;"- ""Tiefe"" eines Unterziels teilweise schwer zu erkennen (Gehört es zu Fächer oder Abitur)
- Teilziele mal nebeneinander, mal untereinander
- Umsortierung schwierig (Reihenfolge nur durch löschen und neu einfügen zu ändern)"
353;93;Was würdest Du bei der visuellen Darstellung des Zielsystems verbessern?;"-Tiefe klarer darstellen (eventuell farbig)
- Möglichkeit zur umsoriterung einfügen"
354;93;Ist Dir bezüglich der Zielsystem-Visualisierung sonst etwas positiv oder negativ aufgefallen?;"Zeichen in der Bezeichnung sind limitiert (könnte zu Problemen führen)
"
359;93;Hier kannst du gern noch einen abschließenden Kommentar hinzufügen:;Die eindeutige Einordnung in 1- 4 am Ende, was Intuitivität angeht fiel mir schwer, da hätte ich vielleicht auch zwei auf die gleiche Stufe gestellt.
360;94;Nenne bitte 3 bis 5 Eigenschaften, die Dir bei dieser Zielsystem-Visualisierung besonders gelungen zu sein scheinen.;"Einfache Bedienung
Klarer Aufbau 
Nutzerfreundlich"
361;94;Nenne bitte 3 bis 5 Eigenschaften, die Dir bei dieser Zielsystem-Visualisierung nicht gelungen zu sein scheinen.;"Keine Farben 
einfache Schriftart ohne Veränderungs Möglichkeiten 
sehr eintönige optik


"
362;94;Was würdest Du bei der visuellen Darstellung des Zielsystems verbessern?;Integrierte to-do liste 
363;94;Ist Dir bezüglich der Zielsystem-Visualisierung sonst etwas positiv oder negativ aufgefallen?;Wirklich sehr einfache Nutzung 
368;96;Nenne bitte 3 bis 5 Eigenschaften, die Dir bei dieser Zielsystem-Visualisierung besonders gelungen zu sein scheinen.;"Geschwindigkeit
Zielgerichtetheit, dank Vorgabe
Fehlerfreiheit bei Erstellung"
369;96;Nenne bitte 3 bis 5 Eigenschaften, die Dir bei dieser Zielsystem-Visualisierung nicht gelungen zu sein scheinen.;"exakte Nachbildung, Segment für Segment
hätte schneller gehen können
musste nachkontrollieren, ob alles richtig übernommen wurde"
370;96;Was würdest Du bei der visuellen Darstellung des Zielsystems verbessern?;"Farben
Bearbeitbarkeit direkt innerhalb der Visualisierung
Breite der Segmente ist nur abhängig von der Anzahl der Segmente in der selben Hierarchieebene, statt einen tatsächlichen Aufwand zu signalisieren"
376;98;Nenne bitte 3 bis 5 Eigenschaften, die Dir bei dieser Zielsystem-Visualisierung besonders gelungen zu sein scheinen.;"-intuitiv
-schnell zu lernen
- klare Struktur"
377;98;Nenne bitte 3 bis 5 Eigenschaften, die Dir bei dieser Zielsystem-Visualisierung nicht gelungen zu sein scheinen.;Mir fallen keine ein
378;98;Was würdest Du bei der visuellen Darstellung des Zielsystems verbessern?;Das man einzelne Ziele direkt mit der Maus anklicken kann
379;98;Ist Dir bezüglich der Zielsystem-Visualisierung sonst etwas positiv oder negativ aufgefallen?;Nein
385;100;Nenne bitte 3 bis 5 Eigenschaften, die Dir bei dieser Zielsystem-Visualisierung besonders gelungen zu sein scheinen.;Grobe Umsetzung des vorgegebenen Zielsystem (ohne gravierende Fehler)
386;100;Nenne bitte 3 bis 5 Eigenschaften, die Dir bei dieser Zielsystem-Visualisierung nicht gelungen zu sein scheinen.;Die Fächer alle in der richtigen Reihenfolge anzugeben war nicht immer möglich und ist daher bei z.B. den Nachhilfe Fächern nicht korrekt. 
387;100;Was würdest Du bei der visuellen Darstellung des Zielsystems verbessern?;Die Funktion einzelne Bausteine mit der Maus an die richtige Stelle zu ziehen oder in der Abbildung selbst noch vertauschen zu können. 
388;100;Ist Dir bezüglich der Zielsystem-Visualisierung sonst etwas positiv oder negativ aufgefallen?;Leichte Bedienung. 
394;101;Nenne bitte 3 bis 5 Eigenschaften, die Dir bei dieser Zielsystem-Visualisierung besonders gelungen zu sein scheinen.;"Macht auf den ersten Blick einen geordneten, sauberen Eindruck.
Keine ablenkenden unnötige Komponenten.
Vermittelt Strukturiertheit.
"
420;106;Nenne bitte 3 bis 5 Eigenschaften, die Dir bei dieser Zielsystem-Visualisierung besonders gelungen zu sein scheinen.;"-die ""Wege"" ans Ziel zu kommen sind gut visualisiert
-es ist eine einfache Übersicht
-es ist einfach, neue Unterziele einzutragen"
395;101;Nenne bitte 3 bis 5 Eigenschaften, die Dir bei dieser Zielsystem-Visualisierung nicht gelungen zu sein scheinen.;"Durch die sehr dünnen Randlinien und den sehr geringen Abständen zwischen den Linien, war es zum Teil schwierig zu erkennen, auf welcher Unterebene sich Elemente befinden.
Leute mit Ordnungswahn könnte es stören, dass Elemente eventuell nicht in der ""richtigen"" Reihenfolge (Wahlfach 1 -> 2 -> 3) angeordnet und dargestellt werden und man diese Reihenfolge im Nachhinein nicht mehr ändern kann ohne Elemente wieder zu entfernen.
Zum Teil ragten die Beschriftungen der Elemente über ihre Kästen hinaus.
"
396;101;Was würdest Du bei der visuellen Darstellung des Zielsystems verbessern?;"Eventuell eine Farbcodierung für die einzelnen Unterebenen einfügen.
Die Beschriftungen je nach Level in ihrer Font Size anpassen.
Mehr Platz zwischen den Begrenzungen lassen."
402;101;Hier kannst du gern noch einen abschließenden Kommentar hinzufügen:;"Hab noch ein paar Anmerkungen, die sich nicht rein auf die Visualisierung beziehen und die ich deshalb nicht an entsprechender Stelle genannt hatte.

Pros:
Keine unnötige Funktionalität in dem GUI.
Bedienelemente sind einfach zu verstehen.
Cons:
Es war möglich, mehreren Unterzielen eines Oberziels den gleichen Namen zu geben. Wollte man dann eines der beiden wieder löschen, war nicht ersichtlich welches der beiden Elemente gelöscht werden würde. Dadurch hat man eventuell das falsche Element inklusive eventuell untergeordneter Ziele gelöscht."
403;103;Nenne bitte 3 bis 5 Eigenschaften, die Dir bei dieser Zielsystem-Visualisierung besonders gelungen zu sein scheinen.;"- übersichtliche Hierarchie
- einfache Benutzung
- einfache Visualisierung"
404;103;Nenne bitte 3 bis 5 Eigenschaften, die Dir bei dieser Zielsystem-Visualisierung nicht gelungen zu sein scheinen.;"- Namen sind sehr klein und überlappen manchmal
- es wird viel Platz verschwendet
- Bei Namensänderung muss man alles neuschreiben"
405;103;Was würdest Du bei der visuellen Darstellung des Zielsystems verbessern?;"- Mehrzeilige Namen
- Dicke Namen
- Shortkeys
"
407;104;Nenne bitte 3 bis 5 Eigenschaften, die Dir bei dieser Zielsystem-Visualisierung besonders gelungen zu sein scheinen.;"gut verständlicher Aufbau
einfache Bedienung
"
408;104;Nenne bitte 3 bis 5 Eigenschaften, die Dir bei dieser Zielsystem-Visualisierung nicht gelungen zu sein scheinen.;hat nicht die Reihenfolge angenommen, die man gewählt hat
409;104;Was würdest Du bei der visuellen Darstellung des Zielsystems verbessern?;Eine Art Baum oder Diagramm wäre vielleicht auch eine gute Art das darzustellen, aber ansonsten ist der Kreis eine gute Darstellung
421;106;Nenne bitte 3 bis 5 Eigenschaften, die Dir bei dieser Zielsystem-Visualisierung nicht gelungen zu sein scheinen.;"-irgendwann wird es wahrscheinlich zu viel mit den Unterzielen, falls man noch einzelne Aufgaben hinzufügen möchte
-dass es von links nach rechts dargestellt ist
-man kann nicht einzelne Unterpunkte tauschen durch Ziehen mit der Maus etc."
422;106;Was würdest Du bei der visuellen Darstellung des Zielsystems verbessern?;-es vielleicht vertikal darstellen, d.h. das oberste Ziel nach ganz oben
428;107;Nenne bitte 3 bis 5 Eigenschaften, die Dir bei dieser Zielsystem-Visualisierung besonders gelungen zu sein scheinen.;"gute Visualisierung von Ober- und Unterkategorien
übergeordnete Ziele sind größer dargestellt als untergeordnete, was auf größere und kleinere Ziele bezogen werden kann
gute Strukturierung der Ziele, sodass ein Anhaltspunkt entsteht, wie man beginnen kann
man kann es sich immer wieder anschauen und sich so wieder auf das Wesentliche konzentrieren"
429;107;Nenne bitte 3 bis 5 Eigenschaften, die Dir bei dieser Zielsystem-Visualisierung nicht gelungen zu sein scheinen.;"Verknüpfungen zwischen verschiedenen Unterkategorien sind nicht möglich
eine Unterkategorie kann sich nicht auf mehrere Oberkategorien beziehen
durch die Kreisform aller Komponenten bleibt viel Platz leer, gleichzeitig sind die in der Hierarchie niedrigsten Kreise sehr klein
es sieht recht monoton aus und motiviert damit nicht unbedingt, sein Ziel zu verfolgen"
430;107;Was würdest Du bei der visuellen Darstellung des Zielsystems verbessern?;"eventuell farbliche Hervorhebung der verschiedenen Kategorien um direkt zu sehen woran man im Moment arbeitet
Möglichkeit mit verschiedenen Formen zu arbeiten, wenn vom Nutzer als hilfreich angesehen"
431;107;Ist Dir bezüglich der Zielsystem-Visualisierung sonst etwas positiv oder negativ aufgefallen?;Ich persönlich habe bisher noch nicht den Antrieb, das System für eigene Zwecke zu benutzen, weil es mir scheint als würde der Aufwand des Erstellens, den Nutzen den ich daraus ziehen könnte, übersteigen.
436;109;Nenne bitte 3 bis 5 Eigenschaften, die Dir bei dieser Zielsystem-Visualisierung besonders gelungen zu sein scheinen.;"-automatische Verschachtelung
-übersichtliches Design
-einfaches Thema
"
437;109;Nenne bitte 3 bis 5 Eigenschaften, die Dir bei dieser Zielsystem-Visualisierung nicht gelungen zu sein scheinen.;"-Verunsicherung bei der Einführung von ""Notenverbesserung""
-Thema für mich persönlich irrelevant
-nicht farblich hervorgehoben"
438;109;Was würdest Du bei der visuellen Darstellung des Zielsystems verbessern?;"-Visualisierung einzelner Unterkategorien
"
439;109;Ist Dir bezüglich der Zielsystem-Visualisierung sonst etwas positiv oder negativ aufgefallen?;-Nein
457;114;Ist Dir bezüglich der Zielsystem-Visualisierung sonst etwas positiv oder negativ aufgefallen?;Mündliche und Schriftliche Prüfung standen nicht direkt übereinander, Wahlfächer vielleicht  besser nicht dazwischen sondern danach oder davor schreiben
444;109;Hier kannst du gern noch einen abschließenden Kommentar hinzufügen:;Die Umfrage hat mir gut gefallen!
445;112;Nenne bitte 3 bis 5 Eigenschaften, die Dir bei dieser Zielsystem-Visualisierung besonders gelungen zu sein scheinen.;überblick über alle aufgaben?
446;112;Nenne bitte 3 bis 5 Eigenschaften, die Dir bei dieser Zielsystem-Visualisierung nicht gelungen zu sein scheinen.;übersichtlichkeit, reduktion der komplexität
454;114;Nenne bitte 3 bis 5 Eigenschaften, die Dir bei dieser Zielsystem-Visualisierung besonders gelungen zu sein scheinen.;Merken der einzutippenden Wörter, Abgleich der Systeme, intuitives Handeln
455;114;Nenne bitte 3 bis 5 Eigenschaften, die Dir bei dieser Zielsystem-Visualisierung nicht gelungen zu sein scheinen.;Verständnis der ausführlichen Instruktion auf Anhieb, detaillierte Verinnerlichung des Zielsystems, Schnelligkeit
456;114;Was würdest Du bei der visuellen Darstellung des Zielsystems verbessern?;Hausaufgaben mit auf Höhe der Nachhilfe setzen
463;116;Nenne bitte 3 bis 5 Eigenschaften, die Dir bei dieser Zielsystem-Visualisierung besonders gelungen zu sein scheinen.;"zugeordnet
strukturiert
nachvollziehen "
464;116;Nenne bitte 3 bis 5 Eigenschaften, die Dir bei dieser Zielsystem-Visualisierung nicht gelungen zu sein scheinen.;"übersichtlich 
Überblick 
schnell zu entschlüsseln
"
465;116;Was würdest Du bei der visuellen Darstellung des Zielsystems verbessern?;Durch die kreisförmige Anordnung fällt es etwas schwer, direkt auf den ersten Blick die zusammengehörigen Kategorien zu verstehen bzw. zu sehen, auf welcher Ebene jetzt welche Kategorien stehen. 
466;116;Ist Dir bezüglich der Zielsystem-Visualisierung sonst etwas positiv oder negativ aufgefallen?;Ich finde die kreisförmige Anordnung eigentlich sehr ästhetisch und deshalb ansprechend.
471;119;Nenne bitte 3 bis 5 Eigenschaften, die Dir bei dieser Zielsystem-Visualisierung besonders gelungen zu sein scheinen.;"- Einfachheit
- Verständlichkeit
- Schnelles aktualisieren der Grafik "
472;119;Nenne bitte 3 bis 5 Eigenschaften, die Dir bei dieser Zielsystem-Visualisierung nicht gelungen zu sein scheinen.;"- Das Dropdown Menü hätte besser geordnet sein können, z.B.
Abitur
  Fächer
    Wahlfächer
       Wahlfach 1
    Mündliche Prüfung
- Ich habe es leider nicht probiert, aber es wäre gut, wenn man einen Kreis anklicken könnte, um damit das Thema als Oberthema wählt, um so das Dropdown Menü zu umgehen. (Wenn das tatsächlich geht, dann kann das zu den positiven Eigenschaften gezählt werden)
"
473;119;Was würdest Du bei der visuellen Darstellung des Zielsystems verbessern?;Dropdown Menü 
474;119;Ist Dir bezüglich der Zielsystem-Visualisierung sonst etwas positiv oder negativ aufgefallen?;Nein
479;124;Nenne bitte 3 bis 5 Eigenschaften, die Dir bei dieser Zielsystem-Visualisierung besonders gelungen zu sein scheinen.;"Gut aufgebaut
Anwendung intuitiv (x im nächsten) 
schöne visualisierung
schön, dass man die Überkategorien mit allen Unterkategorien gleichzeitig löschen kann"
480;124;Nenne bitte 3 bis 5 Eigenschaften, die Dir bei dieser Zielsystem-Visualisierung nicht gelungen zu sein scheinen.;"nicht vollkommen nachvollziehbar, wann wo die neue Unterkategorie sein werden (x)
vielleicht ansprechender mit farben
etwas langweilig"
481;124;Was würdest Du bei der visuellen Darstellung des Zielsystems verbessern?;"Farben
eine Erklärung, dass die Unterkategorien gegen den Uhrzeigersinn angezeit werden... 
"
482;124;Ist Dir bezüglich der Zielsystem-Visualisierung sonst etwas positiv oder negativ aufgefallen?;"nicht wirklich
Der Name einer Unterkategorie hat nicht perfekt in sein Feld gepasst...."
487;125;Nenne bitte 3 bis 5 Eigenschaften, die Dir bei dieser Zielsystem-Visualisierung besonders gelungen zu sein scheinen.;übersichtlich, intuitiv, simpel
488;125;Nenne bitte 3 bis 5 Eigenschaften, die Dir bei dieser Zielsystem-Visualisierung nicht gelungen zu sein scheinen.;habe nichts zu bemängeln
489;125;Was würdest Du bei der visuellen Darstellung des Zielsystems verbessern?;Die Verwendung von Farben, damit Zugehörigkeiten besser zu erkennen sind. Die Farben sollten aber nicht zu grell sein. 
490;125;Ist Dir bezüglich der Zielsystem-Visualisierung sonst etwas positiv oder negativ aufgefallen?;Die Bedienung war super einfach und total intuitiv und die Steuerung war nicht überladen.
491;121;Nenne bitte 3 bis 5 Eigenschaften, die Dir bei dieser Zielsystem-Visualisierung besonders gelungen zu sein scheinen.; 
492;121;Nenne bitte 3 bis 5 Eigenschaften, die Dir bei dieser Zielsystem-Visualisierung nicht gelungen zu sein scheinen.; 
493;121;Was würdest Du bei der visuellen Darstellung des Zielsystems verbessern?; 
495;127;Nenne bitte 3 bis 5 Eigenschaften, die Dir bei dieser Zielsystem-Visualisierung besonders gelungen zu sein scheinen.;Durch die Größe der Kreise am Endresultat lässt sich gut erkennen in welchem Bereich die meiste Arbeit liegt, solange die Aufgaben alle gleichen Aufwand erfordern.
496;127;Nenne bitte 3 bis 5 Eigenschaften, die Dir bei dieser Zielsystem-Visualisierung nicht gelungen zu sein scheinen.;Keine besonderen Eigenschaften, welche mir aufgefallen sind. Vielleicht ein wenig zu trostlos Farbtechnisch.
497;127;Was würdest Du bei der visuellen Darstellung des Zielsystems verbessern?;N/A
498;127;Ist Dir bezüglich der Zielsystem-Visualisierung sonst etwas positiv oder negativ aufgefallen?;N/A
499;128;Nenne bitte 3 bis 5 Eigenschaften, die Dir bei dieser Zielsystem-Visualisierung besonders gelungen zu sein scheinen.;"Zusammenhänge zwischen den einzelnen Fächern werden übersichtlich dargestellt.
Automatische Skalierung der Anteile im Kreis, wenn neue Ziele hinzugefügt werden."
500;128;Nenne bitte 3 bis 5 Eigenschaften, die Dir bei dieser Zielsystem-Visualisierung nicht gelungen zu sein scheinen.;"Reihenfolge der Elemente kann nur durch Löschen und erneutes Erstellen oder Umbenennen geändert werden.
Text manchmal nicht gut lesbar, wenn er durch verschiedene Bildschirmgrößen auf/über die Kreisränder ragt."
501;128;Was würdest Du bei der visuellen Darstellung des Zielsystems verbessern?;"Würde es skalierbar machen, sodass es für Laptops, Tablets und sogar Handys benutzerfreundlich ist.
Der Einsatz von Farbe würde vor allem bei größeren Systemen bessere Übersichtlichkeit ermöglichen.
Funktion zum Tauschen von zwei Zielen (egal welche Ebene) mit ihren Unterzielen; dies ist vor allem wenn man gegen Ende seine Ziele anders anordnen will hilfreich."
502;128;Ist Dir bezüglich der Zielsystem-Visualisierung sonst etwas positiv oder negativ aufgefallen?;Oberes Menü zum Erstellen und Löschen ohne irgendwelche Hilfestellung, Funktionen müssen intuitiv ausprobiert werden, kann positive wie negativ eNutzererfahrungen erzeugen.
514;130;Nenne bitte 3 bis 5 Eigenschaften, die Dir bei dieser Zielsystem-Visualisierung besonders gelungen zu sein scheinen.;"Die Visualisierung der Struktur
Die einfache Eingabemöglichkeit
Die Hierarchie der Elemente wird sehr gut deutlich "
515;130;Nenne bitte 3 bis 5 Eigenschaften, die Dir bei dieser Zielsystem-Visualisierung nicht gelungen zu sein scheinen.;"Zum Löschen und Umbennen muss aus einer eher unübersichlichen Liste aus gewählt werden
Die Bearbeitung der Hierarchie kann nicht direkt an der Hierarchie selbst vorgenommen werden
Individuelle Sortierung der Elemente nur sehr möglich"
516;130;Was würdest Du bei der visuellen Darstellung des Zielsystems verbessern?;"Per Drag and Drop Ziele verschieben zu können
Löschen und Umbennen per Mausklick auf das Ziel"
517;130;Ist Dir bezüglich der Zielsystem-Visualisierung sonst etwas positiv oder negativ aufgefallen?;Man musste nach der Eingabe runter scrollen um die Hierarchie zu sehen
545;139;Nenne bitte 3 bis 5 Eigenschaften, die Dir bei dieser Zielsystem-Visualisierung nicht gelungen zu sein scheinen.;"die gleiche Anordnung wie im vorgegebenen Beispiel zu erreichen, z.B. Fach 1 vor Fach 2 zu setzten und nicht umgekehrt
"
522;137;Was hat dir besonders an dem Zielsystem gefallen?;Antwort Frage eins
523;137;Was hat dir am wenigsten am Zielsystem gefallen?;Antwort Frage 2
524;137;Weitere Anmerkungen zu dem Zielsystem?;Antwort Frage 3
529;135;Nenne bitte 3 bis 5 Eigenschaften, die Dir bei dieser Zielsystem-Visualisierung besonders gelungen zu sein scheinen.;"bei diesem Bsp:
übersichtlich;
leicht verständlich;"
530;135;Nenne bitte 3 bis 5 Eigenschaften, die Dir bei dieser Zielsystem-Visualisierung nicht gelungen zu sein scheinen.;"unübersichtlich für komplexere Ziele;
langweilig;
nicht genug Gestaltungsfreiheiten"
531;135;Was würdest Du bei der visuellen Darstellung des Zielsystems verbessern?;Farbe und mehr Möglichkeiten für die Organisation innerhalb der Gruppierungen. zB Untergruppe per Drag & Drop verschieben, per Mausrad die Größe von Untergruppen ändern
532;135;Ist Dir bezüglich der Zielsystem-Visualisierung sonst etwas positiv oder negativ aufgefallen?;"man versteht sofort was von einem erwartet wird, man kann es auch leicht umsetzen; auch der Inhalt dieser Visualisierung war leicht verständlich;

die Anpassbarkeit einzelner Elemente könnte noch etwas intuitiver von der Hand gehen (hab mich einmal verschrieben und wollte es anpassen, war nicht schwer aber ungewohnt umständlich)"
533;138;Was hat dir besonders an dem Zielsystem gefallen?;Antwort frage 1 2
534;138;Was hat dir am wenigsten am Zielsystem gefallen?;Antwort frage 2 2
535;138;Weitere Anmerkungen zu dem Zielsystem?;Antwort frage 3 2
544;139;Nenne bitte 3 bis 5 Eigenschaften, die Dir bei dieser Zielsystem-Visualisierung besonders gelungen zu sein scheinen.;"Erst auf das Große und dann auf das Kleinere blicken
systematisch vorgehen
Erst einen überblick verschaffen"
547;139;Ist Dir bezüglich der Zielsystem-Visualisierung sonst etwas positiv oder negativ aufgefallen?;"Guter und schneller überblick
Das nachträgliche verändern von Elementen ist recht aufwändig deshalb wäre ein Drag and Drop hilfreich um nachträglich statt Elemente erst löschen und dann wieder erneut eintragen zu müssen, diese einfach nur mit der Maus verschieben zu können
"
552;142;Nenne bitte 3 bis 5 Eigenschaften, die Dir bei dieser Zielsystem-Visualisierung besonders gelungen zu sein scheinen.;"- Ich habe das Zielsystem gut nachgebaut.
- Ich habe Depth first das System nachgebaut und dadurch Zeit gespart 
- Ich habe "
553;142;Nenne bitte 3 bis 5 Eigenschaften, die Dir bei dieser Zielsystem-Visualisierung nicht gelungen zu sein scheinen.;"- Ich habe die Reihenfolge nicht akurat eingehalten
- Ich habe nur drch das nachbauen, das System nicht vertieft
- "
554;142;Was würdest Du bei der visuellen Darstellung des Zielsystems verbessern?;"Vlt. gibt es Ziele mit mehr als einem Urpsrung.
"
556;140;Nenne bitte 3 bis 5 Eigenschaften, die Dir bei dieser Zielsystem-Visualisierung besonders gelungen zu sein scheinen.;minimalistisch
557;140;Nenne bitte 3 bis 5 Eigenschaften, die Dir bei dieser Zielsystem-Visualisierung nicht gelungen zu sein scheinen.;Das gesamte System mit den Dropdown Menüs(anstelle von Drag & Drop) und dem dadurch notwendigen Wechseln zwischen: schreiben, löschen & umbenennen ist extrem nutzerunfreundlich.
558;140;Was würdest Du bei der visuellen Darstellung des Zielsystems verbessern?;Es schien mir nicht sonderlich intuitiv zu sein, dass das Ober-Ziel, auf das alles andere hinausläuft, links steht.
559;140;Ist Dir bezüglich der Zielsystem-Visualisierung sonst etwas positiv oder negativ aufgefallen?;Das Beispiel selber schien mir nicht gut zu sein um den Nutzen wirklich sehen zu können.
570;143;Nenne bitte 3 bis 5 Eigenschaften, die Dir bei dieser Zielsystem-Visualisierung besonders gelungen zu sein scheinen.;Ich habe es direkt verstanden.
571;143;Nenne bitte 3 bis 5 Eigenschaften, die Dir bei dieser Zielsystem-Visualisierung nicht gelungen zu sein scheinen.;Ich glaube dass die Bläschen nicht alle an der gleichen Stelle waren. Ich habe mich ein paar mal vertippt und musste die Felder dann umbenennen.
579;144;Nenne bitte 3 bis 5 Eigenschaften, die Dir bei dieser Zielsystem-Visualisierung besonders gelungen zu sein scheinen.;Sehr gelungen waren die Übersichtlichkeit, einfache Bedienung und Strukturierung. Zudem sind die Tools sehr benutzerfreundlich.
580;144;Nenne bitte 3 bis 5 Eigenschaften, die Dir bei dieser Zielsystem-Visualisierung nicht gelungen zu sein scheinen.;Anschaulicher könnte das System trotzdem sein, vielleicht mit Farbauswahl und zusätzlicher Symbolauswahl, zudem wäre es schön, wenn mit der Maus die einzelnen Begriffe in gewünschte Positionen bewegt werden könnten.
581;144;Was würdest Du bei der visuellen Darstellung des Zielsystems verbessern?;"Wie oben erwähnt, dass die Begriffe bewegbar sind, sowie Farbauswahl und Symbolauswahl. Vielleicht auch die Möglichkeit Unterbegriffe ""zuzuklappen"" mit einem Klick auf Oberbegriffe."
588;145;Was hat dir besonders an dem Zielsystem gefallen?;Antwort 1.1
589;145;Was hat dir am wenigsten am Zielsystem gefallen?;antwort 1.2
590;145;Weitere Anmerkungen zu dem Zielsystem?;antwort 1.2
596;146;Was hat dir am wenigsten am Zielsystem gefallen?;open question 2
623;150;Was hat dir besonders an dem Zielsystem gefallen?;Struktur, klare Linien, Herunterbrechen von Zielen, einfach zu nutzen
624;150;Was hat dir am wenigsten am Zielsystem gefallen?;Man muss von Anfang an sehr strukturiert an die Aufgabe heran gehen, was manchen Menschen vielleicht schwer fallen könnte. Mehr Flexibilität wäre hier vielleicht ganz gut. 
651;158;Was hat dir besonders an dem Zielsystem gefallen?;Es ist wie eine Mindmaps und daher für mich intuitiv.
652;158;Was hat dir am wenigsten am Zielsystem gefallen?;Die anderen Zielsysteme empfand ich als sehr unübersichtlich auf den ersten Blick
653;158;Weitere Anmerkungen zu dem Zielsystem?;Ich frage mich, ob jemand so seine Ziele visualisiert.
658;159;Was hat dir besonders an dem Zielsystem gefallen?;grapfische Darstellung
659;159;Was hat dir am wenigsten am Zielsystem gefallen?;Zu kompliziert
665;161;Nenne bitte 3 bis 5 Eigenschaften, die Dir bei dieser Zielsystem-Visualisierung besonders gelungen zu sein scheinen.;"Struktur ist klar nachvollziehbar; Entscheidungen können aufgrund des Aufbaus einfacher getroffen werden; Das übergeordnete Ziel steht ganz oben"
666;161;Nenne bitte 3 bis 5 Eigenschaften, die Dir bei dieser Zielsystem-Visualisierung nicht gelungen zu sein scheinen.;"Fehlende Fokussierung auf außerschulische Bereiche; Aufmachung ist nicht unbedingt besonders ""modern""; Das übergeordnete Ziel sollte nicht auf der linken oder rechten Seite sondern oben oder unten stehen"
667;161;Was würdest Du bei der visuellen Darstellung des Zielsystems verbessern?;"Eventuell Einbau von Farben(gesetzt durch den Nutzer); Einfügen von aktuellen und angestrebten Leistungsständen; Platzierung des übergeordneten Zieles verändern(nach oben oder unten schieben)"
669;162;Nenne bitte 3 bis 5 Eigenschaften, die Dir bei dieser Zielsystem-Visualisierung besonders gelungen zu sein scheinen.;"viele Unterziele
gute Visualisierung
übersichtlich"
670;162;Nenne bitte 3 bis 5 Eigenschaften, die Dir bei dieser Zielsystem-Visualisierung nicht gelungen zu sein scheinen.;keine Anmerkungen 
671;162;Was würdest Du bei der visuellen Darstellung des Zielsystems verbessern?;keine Anmerkungen
672;162;Ist Dir bezüglich der Zielsystem-Visualisierung sonst etwas positiv oder negativ aufgefallen?;keine Anmerkungen
677;164;Nenne bitte 3 bis 5 Eigenschaften, die Dir bei dieser Zielsystem-Visualisierung besonders gelungen zu sein scheinen.;"Einfügen der Namen
Struktur verstehen
musste nichts löschen"
678;164;Nenne bitte 3 bis 5 Eigenschaften, die Dir bei dieser Zielsystem-Visualisierung nicht gelungen zu sein scheinen.;"Verwirrung in Liste, wenn man mehrere Möglichkeiten vorgeschlagen bekommen hat
schlechter Überblick, je mehr sich Diagramm gefüllt hat
"
679;164;Was würdest Du bei der visuellen Darstellung des Zielsystems verbessern?;Möglichkeit zur Farbcodierung zum Überblick
686;165;Nenne bitte 3 bis 5 Eigenschaften, die Dir bei dieser Zielsystem-Visualisierung besonders gelungen zu sein scheinen.;"Dass es am Ende genauso aussah wie das vorgegebene System
Dass ich wenig Zeit dafür gebraucht habe
Dass ich keine Fehler gemacht habe"
687;165;Nenne bitte 3 bis 5 Eigenschaften, die Dir bei dieser Zielsystem-Visualisierung nicht gelungen zu sein scheinen.;Keine Ahnung
688;165;Was würdest Du bei der visuellen Darstellung des Zielsystems verbessern?;"Mit Farben arbeiten, jedem Unterziel eine Priorität zuweisen, Unterziele auf- und zuklappen können, Infos zu einzelnen Punkten erscheinen lassen 
Mehr Funktionen wie die von Freeplane einarbeiten "
689;165;Ist Dir bezüglich der Zielsystem-Visualisierung sonst etwas positiv oder negativ aufgefallen?;"Positiv: es ist schlicht
Negativ: es könnte unübersichtlich werden, wenn es mehr Unterziele gibt"
695;168;Nenne bitte 3 bis 5 Eigenschaften, die Dir bei dieser Zielsystem-Visualisierung besonders gelungen zu sein scheinen.;"-das Design ist einfach gehalten und somit sehr übersichtlich
-die Strukturierung von innen nach außen ist intuitiv und verdeutlicht die Hierarchie effektiv
-die Bearbeitung ist einfach"
696;168;Nenne bitte 3 bis 5 Eigenschaften, die Dir bei dieser Zielsystem-Visualisierung nicht gelungen zu sein scheinen.;"-die Schrift passt bei zu langen Ausdrücken nicht in die Felder, wodurch sie sich mit anderen Überlappt und schwer lesbar wird
-bei komplexeren Hierarchien könnte es unübersichtlich werden
-die unterschiedlichen Hierarchieebenen und ""Pfade"" könnten sich noch deutlicher voneinander abheben"
697;168;Was würdest Du bei der visuellen Darstellung des Zielsystems verbessern?;"-Größere Schrift bei hierarchisch höheren Zielen
-automatische Absätze bei zu langen Ausdrücken für das entsprechende Feld
-farbliche Trennung der Teilziele "
698;168;Ist Dir bezüglich der Zielsystem-Visualisierung sonst etwas positiv oder negativ aufgefallen?;nein
704;170;Nenne bitte 3 bis 5 Eigenschaften, die Dir bei dieser Zielsystem-Visualisierung besonders gelungen zu sein scheinen.;"- sehr intuitiv
- schnelle Erstellung
- Optisch ansprechend"
705;170;Nenne bitte 3 bis 5 Eigenschaften, die Dir bei dieser Zielsystem-Visualisierung nicht gelungen zu sein scheinen.;- den Text unten habe ich erst ganz zu Schluss gesehen, daher hatte er auch keinen Mehrwert mehr
706;170;Was würdest Du bei der visuellen Darstellung des Zielsystems verbessern?;evtl. (unaufdringliche) Farben verwenden 
719;172;Was hat dir besonders an dem Zielsystem gefallen?;Differenzierungsmöglichkeit, Übersichtlichkeit, Logik
720;172;Was hat dir am wenigsten am Zielsystem gefallen?;- 
721;172;Weitere Anmerkungen zu dem Zielsystem?;Zeichenkontingent könnte erhöht werden.
726;176;Nenne bitte 3 bis 5 Eigenschaften, die Dir bei dieser Zielsystem-Visualisierung besonders gelungen zu sein scheinen.;"- übersichtlichkeit
- intuitiv zu erlernen
- fühlt sich an wie ein Spiel
- macht teilweise spaß"
727;176;Nenne bitte 3 bis 5 Eigenschaften, die Dir bei dieser Zielsystem-Visualisierung nicht gelungen zu sein scheinen.;"- Nutzen (was habe ich wirklich von dieser hierachischen darstellung, was mir nicht auch eine simple Tabelle liefert?)
- Fehlen von Farbkoordination (kann helfen die bereiche zu unterscheiden)
- generelles Design (Design ""macht nicht viel her"", regt nicht zum experimentieren an)"
728;176;Was würdest Du bei der visuellen Darstellung des Zielsystems verbessern?;"Farben in das System einbeziehen.
""Benutzeroberfläche"" (der kreis) ansprechender designen
Weitere nützliche Funktionen einbeziehen, die einen Nutzen über den Nutzen einer simplen Tabelle rechtfertigen."
729;176;Ist Dir bezüglich der Zielsystem-Visualisierung sonst etwas positiv oder negativ aufgefallen?;"- bereits genannte fehlende farben

+ einfachheit, Sim­p­li­zi­tät"
730;177;Nenne bitte 3 bis 5 Eigenschaften, die Dir bei dieser Zielsystem-Visualisierung besonders gelungen zu sein scheinen.;Die Abstände der Knoten finde ich gut. Auch die Hierarchische Struktur ist gut dargestellt.
731;177;Nenne bitte 3 bis 5 Eigenschaften, die Dir bei dieser Zielsystem-Visualisierung nicht gelungen zu sein scheinen.;Hier zu fällt mir nichts ein
732;177;Was würdest Du bei der visuellen Darstellung des Zielsystems verbessern?;Darstellung fand ich gut und mir fallen keine Verbesserungen ein.
733;177;Ist Dir bezüglich der Zielsystem-Visualisierung sonst etwas positiv oder negativ aufgefallen?;Siehe oben.
742;176;Hier kannst du gern noch einen abschließenden Kommentar hinzufügen:;:)
750;180;Nenne bitte 3 bis 5 Eigenschaften, die Dir bei dieser Zielsystem-Visualisierung besonders gelungen zu sein scheinen.;Die Nachbildung der Hierarchie, die Korrektur von fehlerhaft eingetragenen Unterzielen, die grobe Nachbildung der visuellen Hierarchie.
751;180;Nenne bitte 3 bis 5 Eigenschaften, die Dir bei dieser Zielsystem-Visualisierung nicht gelungen zu sein scheinen.;"Die identische Nachbildung der Zielfigur war nicht intuitiv möglich (da nicht ersichtlich ist, in welcher Reihenfolge die einzelnen Unterpunkte ""angeheftet"" werden)."
752;180;Was würdest Du bei der visuellen Darstellung des Zielsystems verbessern?;Die Auswahlmöglichkeit von Farben, Schriftgröße, etc. um eine visuell stärkere Abgrenzung der einzelnen Ziele zu erzeugen. Ebenfalls eine Abschwächung des Farbverlaufen nach außen hin (schwächere Farben für Unterziele) wären eine gute Erweiterung.
753;180;Ist Dir bezüglich der Zielsystem-Visualisierung sonst etwas positiv oder negativ aufgefallen?;Die Darstellung der einzelnen Unterziele in der Auswahlleiste sollten idealerweise die gleiche Hierarchie aufweisen wie in der visualisierten Struktur, so dass Abitur ganz oben zu finden ist und darunter dann Fächer/Notenverbesserung mit ihren jeweiligen Unterzielen.
758;182;Nenne bitte 3 bis 5 Eigenschaften, die Dir bei dieser Zielsystem-Visualisierung besonders gelungen zu sein scheinen.;"Übersicht über meine Ziele bzw. Aufgaben gewinnen. Die ""nötigen"" Wege um ans Ziel zu gelangen erkennen. Nicht unnötig komplex(man muss sich nicht erst einarbeiten um zu verstehen was man da entwickelt hat, wenn man es sich nach längerer Zeit wieder anschaut)"
759;182;Nenne bitte 3 bis 5 Eigenschaften, die Dir bei dieser Zielsystem-Visualisierung nicht gelungen zu sein scheinen.;Wenn man zu komplexe Felder hat die man visualisieren will, könnte das Modell unübersichtlich werden.
760;182;Was würdest Du bei der visuellen Darstellung des Zielsystems verbessern?;Mit Farben arbeiten! mit unterschiedlichen Schriftgrößen/ Kreisen um die Begriffe und Fettschrift arbeiten um die Oberziele deutlicher zu machen. 
761;182;Ist Dir bezüglich der Zielsystem-Visualisierung sonst etwas positiv oder negativ aufgefallen?;Coole idee, kann sehr hilfreich sein.. kann aber auch unnötig sein, wenn man schon sehr organisiert ist.
762;182;Nenne bitte 3 bis 5 Eigenschaften, die Dir bei dieser Zielsystem-Visualisierung besonders gelungen zu sein scheinen.;man bekommt gute übersicht über seine Ziele und Aufgaben. Gute visualisierung. nicht zu komplex, versteht man auch, wenn man nach längerer Zeit nochmal drauf schaut.
763;182;Nenne bitte 3 bis 5 Eigenschaften, die Dir bei dieser Zielsystem-Visualisierung nicht gelungen zu sein scheinen.;nichts... könnte nur zu komplex werden, wenn man komplexe dinge ausgestalten will.
764;182;Was würdest Du bei der visuellen Darstellung des Zielsystems verbessern?;mit farben und schriftgrößen arbeiten
765;182;Ist Dir bezüglich der Zielsystem-Visualisierung sonst etwas positiv oder negativ aufgefallen?;nein
1137;213;Nenne bitte 3 bis 5 Eigenschaften, die Dir bei dieser Zielsystem-Visualisierung besonders gelungen zu sein scheinen.;Die finale Visualisierung ist übersichtlich, verständlich und minimalistisch.
1138;213;Nenne bitte 3 bis 5 Eigenschaften, die Dir bei dieser Zielsystem-Visualisierung nicht gelungen zu sein scheinen.;Das hinzufügen neuer Knoten könnte intuitiver sein. Das Umbenennen eines bestimmten Knoten hat nicht in jeden Fall geklappt. Es war bis zum Schluss unklar ob die gewünschte Struktur tatsächlich erreicht wird.
1384;309;Was hat dir besonders an dem Zielsystem gefallen?;Dass es automatisch zugeordnet hat.
1139;213;Was würdest Du bei der visuellen Darstellung des Zielsystems verbessern?;Farbliche Kodierung der Ebenen.
1140;213;Ist Dir bezüglich der Zielsystem-Visualisierung sonst etwas positiv oder negativ aufgefallen?;Nein
1172;220;Was hat dir besonders an dem Zielsystem gefallen?;Alles
1173;220;Was hat dir am wenigsten am Zielsystem gefallen?;Nichts
1174;220;Weitere Anmerkungen zu dem Zielsystem?;Nein
1385;309;Was hat dir am wenigsten am Zielsystem gefallen?;Das ich die verschiedenen Unterpunkte nicht händisch sortieren konnte
1499;411;Was hat dir am wenigsten am Zielsystem gefallen?;Beschränkung der Anzahl der Zeichen
1183;224;Was hat dir besonders an dem Zielsystem gefallen?;gtht
1184;224;Was hat dir am wenigsten am Zielsystem gefallen?;ggf
1185;224;Weitere Anmerkungen zu dem Zielsystem?;gf
1197;228;Was hat dir besonders an dem Zielsystem gefallen?;erste antwort
1198;228;Was hat dir am wenigsten am Zielsystem gefallen?;zweite antwort
1199;228;Weitere Anmerkungen zu dem Zielsystem?;dritte antwort
1204;229;Was hat dir besonders an dem Zielsystem gefallen?;g
1205;229;Was hat dir am wenigsten am Zielsystem gefallen?;4
1225;233;Was hat dir besonders an dem Zielsystem gefallen?;Die Möglichkeit sehr schnell Einträge zu erstellen
1226;233;Was hat dir am wenigsten am Zielsystem gefallen?;Die visuelle Darstellung der Zielhierarchie
1232;234;Was hat dir besonders an dem Zielsystem gefallen?;Die übersichtliche Visualisierung.
1233;234;Was hat dir am wenigsten am Zielsystem gefallen?;Einmal wurde das Textfeld für die Unterziele nicht automatisch geleert als ich auf Hinzufügen geklickt habe. Erst beim zweiten Mal, aber dann wurde das Unterziel auch zweimal hinzugefügt. Sollte man das zu spät bemerken und zu einem der hinzugefügten Unterziele weitere Unterziele hinzufügen und später dann den Duplizierung Fehler bemerken, weiß man beim Löschen nicht ob man das richtige Unterziel löscht oder das, zu dem man schon weitere Unterziele hinzugefügt hat. Hoffe ihr versteht, was ich meine :D
1234;234;Weitere Anmerkungen zu dem Zielsystem?;Ich war mir manchmal unsicher wie man zeitliche Abfolgen darstellen sollte. Einerseits lädt das Design dazu ein, später stattfindende Events auf tiefere Ebenen zu legen anderseits sind es vielleicht nicht untergeordnete Ziele die auch höher in der Rangordnung stehen sollten.
1239;237;Was hat dir besonders an dem Zielsystem gefallen?;Der Umgang war sehr einfach und schnell verständlich.
1240;237;Was hat dir am wenigsten am Zielsystem gefallen?;Die Visualisierung vom Ablauf der Unterziele ist nicht deutlich, also welche Ziele zuerst erreicht werden müssen, um am nächsten Ziel zu arbeiten oder arbeiten zu können.
1246;238;Was hat dir besonders an dem Zielsystem gefallen?;Sehr verständlich und es hat mir enorm geholfen mich innerlich zu strukturieren. Ich habe die konkreten Aufgaben gar nicht mehr hingeschrieben, sondern konnte das System auch auf der Metaebene verwenden. Bei mir ist das Problem oft, dass ich an zu viele Aspekte oder Projekte gleichzeitig denke. Das System hat mir dabei geholfen auch einen mentalen Management Branch aufzumachen. Da konnte ich aber erst ganz am Ende darauf kommen, weil alles andere erst mal aus meinem Gedächtnis rausmusste (also auch die kleinen Schritte), damit ich überhaupt auf die Meta Ebene gehen kann. Dann erst habe ich erkannt was mich wahrscheinlich eigentlich hindert und wie ich das beheben kann - da habe ich dann auch die konkreten Aufgaben notiert. Ich finde es besonders toll, dass man das System auch jederzeit erweitern und anpassen kann!
1247;238;Was hat dir am wenigsten am Zielsystem gefallen?;Ich konnte meine Notizen nicht mehr einsehen. Und es wäre cool, wenn man zusätzlich auch nodes zwischen bereits zwei existierende nodes einfügen könnte!
1248;238;Weitere Anmerkungen zu dem Zielsystem?;Ich finde es super und es hat mir sehr für die innere Strukturierung geholfen! Das hatte ich am Anfang gar nicht erwartet. Und es kamen auch andere Aufgaben dabei raus als ich am Anfang erwartet hättet. Ich bin beeindruckt!
1253;239;Was hat dir besonders an dem Zielsystem gefallen?;Das System ist grundsätzlich einfach zu nutzen.
1254;239;Was hat dir am wenigsten am Zielsystem gefallen?;Die Visualisierung ist einfach unübersichtlich und nicht schön.
1255;239;Weitere Anmerkungen zu dem Zielsystem?;"Es wäre gut, wenn man die erstellten Unterkategorien in der Visualisierung per Drag&Drop umsortieren könnte, anstatt die Kategorie zu verwerfen und woanders neu zu erstellen.
Und die Visualisierung mit den Rechtecken wäre deutlich übersichtlicher."
1261;244;Was hat dir am wenigsten am Zielsystem gefallen?;Zusätzliche Layer zu erstellen war nicht klar oder möglich?
1281;250;Nenne bitte 3 bis 5 Eigenschaften, die Dir bei dieser Zielsystem-Visualisierung besonders gelungen zu sein scheinen.;a
1282;250;Nenne bitte 3 bis 5 Eigenschaften, die Dir bei dieser Zielsystem-Visualisierung nicht gelungen zu sein scheinen.;a
1283;250;Was würdest Du bei der visuellen Darstellung des Zielsystems verbessern?;a
1289;251;Was hat dir besonders an dem Zielsystem gefallen?;Struktur, Herunterbrächten eines großen Ziels in übersichtliche Teilziele
1290;251;Was hat dir am wenigsten am Zielsystem gefallen?;Die Darstellung ist vielleicht etwas unübersichtlich
1500;411;Weitere Anmerkungen zu dem Zielsystem?;Darstellung könnte bei sehr vielen Zielen und Unterzielen zu umfangreich und unübersichtlich werden
1296;253;Was hat dir besonders an dem Zielsystem gefallen?;Einfachheit
1298;253;Weitere Anmerkungen zu dem Zielsystem?;Bei vielen Kategorien unübersichtlich
1303;254;Was hat dir besonders an dem Zielsystem gefallen?;Einfache Struktur
1304;254;Was hat dir am wenigsten am Zielsystem gefallen?;ein etwas verwirrender Mechanismus zum Aufbau des Systems
1319;261;Was hat dir besonders an dem Zielsystem gefallen?;Die klare Struktur und das einfache Erstellen des Zielsystems
1320;261;Was hat dir am wenigsten am Zielsystem gefallen?;/
1340;276;Was hat dir besonders an dem Zielsystem gefallen?;Direkte Umsetzung der geschriebenen Begriffe
1341;276;Was hat dir am wenigsten am Zielsystem gefallen?;Das Drop-down Menu zur Auswahl der Ober- / Teilbegriffe wirkte unstrukturiert und etwas unübersichtlich
1361;286;Was hat dir besonders an dem Zielsystem gefallen?;Visualisierung meiner Gedanken
1362;286;Was hat dir am wenigsten am Zielsystem gefallen?;Man kann nicht die beziehungen der Ziele editieren
1368;300;Was hat dir besonders an dem Zielsystem gefallen?;Übersichtlichkeit
1369;300;Was hat dir am wenigsten am Zielsystem gefallen?;zu abstrakt 
1377;307;Was hat dir besonders an dem Zielsystem gefallen?;Die einfache Bedienung
1378;307;Was hat dir am wenigsten am Zielsystem gefallen?;Die Übersichten können schnell unübersichtlich werden und es gibt wenig individuelle änderungsmöglichkeitne, wenn Mensch spezifisch etwas individueller/anders machen möchte.
1407;339;Was hat dir besonders an dem Zielsystem gefallen?;automatische Visualisierung
1408;339;Was hat dir am wenigsten am Zielsystem gefallen?;Viel ungenutzter Raum. Visuell sind keine Zusammenhänge zwischen hierarchisch gleichgestellten Blasen erkennbar. Flowcharts oder Bullet Points sind für meine Denkweise besser geeignet.
1533;431;Was hat dir am wenigsten am Zielsystem gefallen?;die Unnötigkeit dessen. Wieso nicht einfach To-Do-Listen mit ausführenden Stichpunkten?
1414;345;Was hat dir besonders an dem Zielsystem gefallen?;Einfaches Erstellen
1415;345;Was hat dir am wenigsten am Zielsystem gefallen?;Die einzelnen Ziele könnten visuell etwas weiter auseinander dargestellt werden. Teilweise sind die Linien der Kästchen nicht direkt als Abgrenzung zuzuordnen
1428;362;Was hat dir besonders an dem Zielsystem gefallen?;Logischer Aufbau, einfach verständlich
1430;362;Weitere Anmerkungen zu dem Zielsystem?;Gut umsetzbar
1436;364;Was hat dir am wenigsten am Zielsystem gefallen?;Dass die unterpunkte in der Auflistung nicht hierarisch geordet waren (z.B. durch Einrückungen), wodurch das Eingeben ein wenig unübersichtlich war
1437;364;Weitere Anmerkungen zu dem Zielsystem?;Es wäre schön, wenn man die Größe der Kreise nach Wichtigkeit anpassen könnte oder auch äußere Kreise über mehrere innere Kreise  ziehen könnte, wenn es Überlappungen der vorherigen Ziele gibt
1463;388;Was hat dir besonders an dem Zielsystem gefallen?;Anschauliche Übersicht
1639;587;Nenne bitte 3 bis 5 Eigenschaften, die Dir bei dieser Zielsystem-Visualisierung besonders gelungen zu sein scheinen.;x
1477;393;Was hat dir besonders an dem Zielsystem gefallen?;Struktur/ gewünschte zu folgende Abfolge wurde klarer
1478;393;Was hat dir am wenigsten am Zielsystem gefallen?;Es hat mich sehr an einen Kalender erinnert :)
1484;401;Was hat dir besonders an dem Zielsystem gefallen?;Übersichtlichkeit
1485;401;Was hat dir am wenigsten am Zielsystem gefallen?;Nicht genau genug 
1498;411;Was hat dir besonders an dem Zielsystem gefallen?;Einfaches Hinzufügen, Ändern und Löschen von Zielen
1505;415;Was hat dir besonders an dem Zielsystem gefallen?;Die Offenheit und Anpassbarkeit.
1506;415;Was hat dir am wenigsten am Zielsystem gefallen?;"Es hatte für mich keinen ofensichtlichen nutzen ausser einer unötig reduzierten darstellung komplexer zusammenhänge. So konnte ich sich entgegengesetzte ziele (oder zumindest einander behindernde ziele) nicht darstellen, und (für mich) ist die frage nicht ""was möchte ich machen"" sondern ""was kann ich wahrscheinlich opfern""."
1507;415;Weitere Anmerkungen zu dem Zielsystem?;Ich fand das spindel ähnliche system cool. Damit hätte man durch gegenüberstellungen und die Platzierung von Zielen interaktionen von Zielen besser darstellen können. 
1526;424;Was hat dir besonders an dem Zielsystem gefallen?;Es ist einfach 
1527;424;Was hat dir am wenigsten am Zielsystem gefallen?;Beschreibung 
1529;424;Was hat dir besonders an dem Zielsystem gefallen?;Es ist einfach 
1530;424;Was hat dir am wenigsten am Zielsystem gefallen?;Beschreibung 
1539;433;Was hat dir besonders an dem Zielsystem gefallen?;Die Top-Down Struktur.
1541;433;Weitere Anmerkungen zu dem Zielsystem?;Es ist schwierig, die Vielseitigkeit der Arbeitsanforderungen eines Studiums in einer festen Organisationsstruktur zu berücksichtigen.
1553;453;Was hat dir besonders an dem Zielsystem gefallen?;Die Visualisierung der Ziele und das Aufbrechen in Unterkategorien, dadurch war das große Ziel nicht mehr so schwammig und unkonkret
1554;453;Was hat dir am wenigsten am Zielsystem gefallen?;Es ist schwierig, das gesamte Ziel eigenständig sinnvoll aufzuteilen, außerdem sind die nötigen Schritte einem ja quasi schon bewusst, man hat aber keine einheitliche Lösung zur effizienten Umsetzung.
1567;472;Was hat dir besonders an dem Zielsystem gefallen?;Logische Herangehensweise 
1569;472;Weitere Anmerkungen zu dem Zielsystem?;"Das Lineare empfand ich anfangs besser.
Das Kreismodell ist eine erfrischend andere Sichtweise"
1583;484;Was hat dir besonders an dem Zielsystem gefallen?;Sehr intuitiv und einfach zu benutzen
1584;484;Was hat dir am wenigsten am Zielsystem gefallen?;Nix
1585;484;Weitere Anmerkungen zu dem Zielsystem?;Es wäre visuell nett wenn man die Flächen einfärben könnte
1606;521;Was hat dir besonders an dem Zielsystem gefallen?;An sich finde ich die Idee ganz gut sich seiner langfristigen und großen Ziele bewusst zu werden und sie in immer kleinere Teilziele und letztlich machbare Arbeitspakete zu unterteilen. Die Visualisierung ist ganz ok. Funktioniert an sich ganz gut, hat aber auch noch Potenzial zur Verbesserung
1640;587;Nenne bitte 3 bis 5 Eigenschaften, die Dir bei dieser Zielsystem-Visualisierung nicht gelungen zu sein scheinen.;x
1641;587;Was würdest Du bei der visuellen Darstellung des Zielsystems verbessern?;xx
1607;521;Was hat dir am wenigsten am Zielsystem gefallen?;"Ich wollte nachträglich ein Ziel als Zwischenebene einfügen. Sprich Ziel A hat drei Kind-Element. Bekommt ein weiteres Kinde-Element B. Ich konnte die drei Kind-Elemente aber nicht dem neuen Ziel B zuordnen. Also musste ich die drei Kinder löschen und neu unter B anlegen.

Für mich ergibt es nicht unbedingt Sinn, dass Ziele auf einer Ebene z.T. waagerecht und z.T. senkrecht sind. Wirkt irgendwie unordentlich/unsortiert. Kein einheitlicher Lesefluss. Da hätte ich lieber leere Flächen.

Wenn man viele Ziele erstellt hat, wird die Drop-Down Liste sehr voll. Vllt könnte man da noch mehr Struktur reinbringen statt einer alphabetischen Liste"
1608;521;Weitere Anmerkungen zu dem Zielsystem?;"Auf unterster Ebene würde vllt eine Todo-Liste sinnvoll sein. Je nach Hierarchieebene könnte die Schrift unterschiedlich groß sein. Vllt würde auch eine Farbliche Gestaltung helfen zur Strukturiung. Zb, dass recht große Teilziele und ihre Unterziele in der gleichen Farbe sind.

"
1613;529;Was hat dir besonders an dem Zielsystem gefallen?;Hierarchische Denkmuster zu verwenden, Aufgaben aufzuteilen, Schnell die Essenz/den Inhalteiner Aufgabe zu finden
1614;529;Was hat dir am wenigsten am Zielsystem gefallen?;Brainstorming fühlte sich unabgeschlossen an, mir ist aber nichts weiteres eingefallen. Hilfeleistung wäre cool, aber natürlich schwer umzusetzen, da die Aufgabe ja sehr persönlich ist
1615;529;Weitere Anmerkungen zu dem Zielsystem?;"Checkliste hat mir gefehlt; Ich wüsste auch nicht direkt bei welcher Aufgabe es sinnvoll wäre anzufangen. Eventuell hilft da eine Priorisierung unter den Aufgaben oder (wie auch schon durch die Hierarchie angedeutet) eine Abhängigkeit der Aufgaben"
1620;536;Was hat dir besonders an dem Zielsystem gefallen?;"Optisches ""Klarmachen"""
1627;542;Was hat dir besonders an dem Zielsystem gefallen?;Hierarchische Anordnung, einfache Nutzung
1628;542;Was hat dir am wenigsten am Zielsystem gefallen?;Zeitaufwand
1629;542;Weitere Anmerkungen zu dem Zielsystem?;- 
3098;849;Nenne bitte 3 bis 5 Eigenschaften, die Dir bei dieser Zielsystem-Visualisierung besonders gelungen zu sein scheinen.;asf
3099;849;Nenne bitte 3 bis 5 Eigenschaften, die Dir bei dieser Zielsystem-Visualisierung nicht gelungen zu sein scheinen.;asf
3100;849;Was würdest Du bei der visuellen Darstellung des Zielsystems verbessern?;asf
