id;age;gender;semester;subject;degree;created;finished;condition;study_id;study_sequence_position;additional_data;screen_size;operating_system;browser_language;siddata_user_id;exclude_from_analyses;study_name
22;20.0;female;2.0;Cognitive Science;;2021-06-09 10:16:35.558763+00:00;2021-06-09 11:02:53.446104+00:00;3;2;;{'studytool_used': 'no', 'computer_handling': 'Ich fühle mich im Umgang mit Computern sicher und finde mich in neuen Programmen intuitiv und schnell zurecht.', 'consulting_requested': 'no'};1366x768;Linux x86_64;de;;False;pilot_study
27;20.0;female;2.0;Cognitive Science;;2021-06-09 13:12:55.550300+00:00;2021-06-09 13:38:34.389221+00:00;4;2;;{'studytool_used': 'no', 'computer_handling': 'Ich fühle mich im Umgang mit Computern sicher, aber finde mich in neuen Programmen nicht intuitiv zurecht.', 'consulting_requested': 'no'};1280x720;Win32;it-US;;False;pilot_study
29;23.0;female;8.0;Cognitive Science;;2021-06-09 14:08:31.337638+00:00;2021-06-09 15:58:12.868041+00:00;2;2;;{'studytool_name': 'SPAM', 'studytool_used': 'yes', 'computer_handling': 'Ich fühle mich im Umgang mit Computern sicher und finde mich in neuen Programmen intuitiv und schnell zurecht.', 'consulting_requested': 'no'};1536x864;Win32;de-DE;;False;pilot_study
30;20.0;female;6.0;Cognitive Science;;2021-06-09 14:48:48.573999+00:00;2021-06-09 15:06:35.443311+00:00;3;2;;{'studytool_name': 'Google Docs', 'studytool_used': 'yes', 'computer_handling': 'Ich fühle mich im Umgang mit Computern sicher, aber finde mich in neuen Programmen nicht intuitiv zurecht.', 'consulting_requested': 'no'};1200x800;Win32;de;;False;pilot_study
33;25.0;male;6.0;Cognitive Science;;2021-06-09 22:04:41.392280+00:00;2021-06-09 22:35:16.611113+00:00;2;2;;{'studytool_name': 'Excel-Tabelle', 'studytool_used': 'yes', 'computer_handling': 'Ich fühle mich im Umgang mit Computern sicher und finde mich in neuen Programmen intuitiv und schnell zurecht.', 'consulting_requested': 'no'};2560x1440;Win32;de-DE;;False;pilot_study
35;21.0;female;3.0;Cognitive Science;;2021-06-10 09:29:11.488567+00:00;2021-06-10 10:08:45.812321+00:00;4;2;;{'studytool_used': 'no', 'computer_handling': 'Ich fühle mich im Umgang mit Computern sicher, aber finde mich in neuen Programmen nicht intuitiv zurecht.', 'consulting_requested': 'no'};1707x960;Win32;de-DE;;False;pilot_study
36;21.0;male;6.0;Cognitive Science;;2021-06-10 10:29:09.025857+00:00;2021-06-10 11:04:36.849341+00:00;1;2;;{'studytool_used': 'no', 'computer_handling': 'Ich fühle mich im Umgang mit Computern sicher und finde mich in neuen Programmen intuitiv und schnell zurecht.', 'consulting_requested': 'no'};1680x1050;Win32;de-DE;;False;pilot_study
38;23.0;male;6.0;Coxi Science;;2021-06-10 13:15:29.194490+00:00;2021-06-10 13:29:20.300259+00:00;3;2;;{'studytool_name': 'StudIP', 'studytool_used': 'yes', 'computer_handling': 'Ich fühle mich im Umgang mit Computern sicher und finde mich in neuen Programmen intuitiv und schnell zurecht.', 'consulting_requested': 'no'};1920x1080;Win32;en-US;;False;pilot_study
44;20.0;female;2.0;Psychologie;;2021-06-11 08:28:05.635647+00:00;2021-06-11 09:05:44.026346+00:00;1;2;;{'studytool_used': 'no', 'computer_handling': 'Ich fühle mich im Umgang mit Computern sicher und finde mich in neuen Programmen intuitiv und schnell zurecht.', 'consulting_requested': 'no'};1536x864;Win32;en-US;;False;pilot_study
45;22.0;male;6.0;Cognitive Science;;2021-06-11 10:05:16.701213+00:00;2021-06-11 13:08:54.407786+00:00;2;2;;{'studytool_used': 'no', 'computer_handling': 'Ich fühle mich im Umgang mit Computern sicher und finde mich in neuen Programmen intuitiv und schnell zurecht.', 'consulting_requested': 'no'};1536x864;Win32;en-US;;False;pilot_study
48;19.0;male;2.0;Psychologie;;2021-06-11 13:32:02.046310+00:00;2021-06-11 14:07:33.313191+00:00;1;2;;{'studytool_used': 'no', 'computer_handling': 'Ich fühle mich im Umgang mit Computern sicher und finde mich in neuen Programmen intuitiv und schnell zurecht.', 'consulting_requested': 'no'};1280x800;MacIntel;de-de;;False;pilot_study
49;24.0;female;2.0;Psychologie;;2021-06-11 17:34:29.975932+00:00;2021-06-11 18:11:36.626188+00:00;2;2;;{'studytool_used': 'no', 'computer_handling': 'Ich fühle mich im Umgang mit Computern sicher, aber finde mich in neuen Programmen nicht intuitiv zurecht.', 'consulting_requested': 'no'};1368x912;Win32;de-DE;;False;pilot_study
50;19.0;male;2.0;Cognitive Science;;2021-06-12 09:55:42.249101+00:00;2021-06-12 10:22:17.618075+00:00;3;2;;{'studytool_used': 'no', 'computer_handling': 'Ich fühle mich im Umgang mit Computern sicher und finde mich in neuen Programmen intuitiv und schnell zurecht.', 'consulting_requested': 'no'};1920x1080;Win32;de;;False;pilot_study
53;22.0;male;10.0;Psychologie;;2021-06-12 14:04:56.344358+00:00;2021-06-12 14:28:54.760558+00:00;2;2;;{'studytool_used': 'no', 'computer_handling': 'Ich fühle mich im Umgang mit Computern sicher und finde mich in neuen Programmen intuitiv und schnell zurecht.', 'consulting_requested': 'no'};1536x864;Win32;de;;False;pilot_study
54;22.0;female;2.0;Psychologie ;;2021-06-12 21:59:58.714739+00:00;2021-06-12 22:26:56.020667+00:00;3;2;;{'studytool_used': 'no', 'computer_handling': 'Ich fühle mich im Umgang mit Computern sicher, aber finde mich in neuen Programmen nicht intuitiv zurecht.', 'consulting_requested': 'no'};820x1180;MacIntel;de-de;;False;pilot_study
55;22.0;male;6.0;Psychologie;;2021-06-13 06:48:10.528306+00:00;2021-06-13 07:11:50.224663+00:00;4;2;;{'studytool_used': 'no', 'computer_handling': 'Ich fühle mich im Umgang mit Computern sicher und finde mich in neuen Programmen intuitiv und schnell zurecht.', 'consulting_requested': 'no'};1920x1080;Win32;de-DE;;False;pilot_study
57;20.0;female;1.0;Psychologie;;2021-06-13 14:04:27.346724+00:00;2021-06-13 14:58:39.814914+00:00;2;2;;{'studytool_used': 'no', 'computer_handling': 'Ich fühle mich im Umgang mit Computern sicher und finde mich in neuen Programmen intuitiv und schnell zurecht.', 'consulting_requested': 'no'};1024x819;Win32;de;;False;pilot_study
59;20.0;female;2.0;Cognitive Science;;2021-06-14 09:49:53.180043+00:00;2021-06-14 10:42:04.748073+00:00;4;2;;{'studytool_used': 'no', 'computer_handling': 'Ich fühle mich im Umgang mit Computern unsicher, aber finde mich in neuen Programmen intuitiv zurecht.', 'consulting_requested': 'no'};1280x720;Win32;de;;False;pilot_study
61;22.0;female;2.0;Psychologie;;2021-06-14 12:25:10.144840+00:00;2021-06-14 13:15:22.666897+00:00;2;2;;{'studytool_used': 'no', 'computer_handling': 'Ich fühle mich im Umgang mit Computern sicher und finde mich in neuen Programmen intuitiv und schnell zurecht.', 'consulting_requested': 'no'};1664x1110;Win32;de-DE;;False;pilot_study
63;23.0;female;6.0;Biologie, Spanisch;;2021-06-14 14:12:06.837834+00:00;2021-06-14 14:34:54.124319+00:00;4;2;;{'studytool_used': 'no', 'consulting_form': 'Studierendenberatung der Uni', 'computer_handling': 'Ich fühle mich im Umgang mit Computern sicher und finde mich in neuen Programmen intuitiv und schnell zurecht.', 'consulting_requested': 'yes'};1368x912;Win32;de;;False;pilot_study
69;20.0;female;2.0;Psychologie;;2021-06-15 10:10:59.695613+00:00;2021-06-15 10:33:10.690787+00:00;2;2;;{'studytool_used': 'no', 'computer_handling': 'Ich fühle mich im Umgang mit Computern sicher und finde mich in neuen Programmen intuitiv und schnell zurecht.', 'consulting_requested': 'no'};1536x864;Win32;de-DE;;False;pilot_study
70;16.0;male;4.0;Psychologie;;2021-06-15 13:16:52.604001+00:00;2021-06-15 13:45:56.487902+00:00;3;2;;{'studytool_used': 'no', 'computer_handling': 'Ich fühle mich im Umgang mit Computern sicher, aber finde mich in neuen Programmen nicht intuitiv zurecht.', 'consulting_requested': 'no'};1920x1080;Win32;de;;False;pilot_study
72;20.0;female;2.0;Cognitive Science;;2021-06-15 20:18:32.415456+00:00;2021-06-15 21:07:31.040746+00:00;1;2;;{'studytool_used': 'no', 'computer_handling': 'Ich fühle mich im Umgang mit Computern sicher und finde mich in neuen Programmen intuitiv und schnell zurecht.', 'consulting_requested': 'no'};1575x886;Win32;de-DE;;False;pilot_study
73;23.0;female;4.0;Cognitive Science;;2021-06-16 06:54:51.110490+00:00;2021-06-16 08:41:28.924237+00:00;2;2;;{'studytool_used': 'no', 'computer_handling': 'Ich fühle mich im Umgang mit Computern sicher und finde mich in neuen Programmen intuitiv und schnell zurecht.', 'consulting_requested': 'no'};1280x800;MacIntel;de-de;;False;pilot_study
74;32.0;female;6.0;Cognitive Science;;2021-06-16 08:44:17.440018+00:00;2021-06-16 09:38:21.456524+00:00;3;2;;{'studytool_used': 'no', 'computer_handling': 'Ich fühle mich im Umgang mit Computern sicher und finde mich in neuen Programmen intuitiv und schnell zurecht.', 'consulting_requested': 'no'};1368x912;Win32;de-DE;;False;pilot_study
76;34.0;female;3.0;Medieninformatik;;2021-06-16 13:42:53.217561+00:00;2021-06-16 14:06:31.725607+00:00;1;2;;{'studytool_used': 'no', 'computer_handling': 'Ich fühle mich im Umgang mit Computern sicher und finde mich in neuen Programmen intuitiv und schnell zurecht.', 'consulting_requested': 'no'};1920x1080;Win32;de;;False;pilot_study
78;21.0;female;4.0;Cognitive Science;;2021-06-17 09:36:48.628887+00:00;2021-06-17 10:53:31.361588+00:00;3;2;;{'studytool_used': 'no', 'computer_handling': 'Ich fühle mich im Umgang mit Computern sicher, aber finde mich in neuen Programmen nicht intuitiv zurecht.', 'consulting_requested': 'no'};1368x912;Win32;de;;False;pilot_study
79;20.0;female;2.0;Cognitive Science;;2021-06-17 10:01:31.129291+00:00;2021-06-17 10:30:55.123695+00:00;4;2;;{'studytool_used': 'no', 'computer_handling': 'Ich fühle mich im Umgang mit Computern sicher und finde mich in neuen Programmen intuitiv und schnell zurecht.', 'consulting_requested': 'no'};1280x800;MacIntel;en;;False;pilot_study
83;20.0;female;4.0;Cognitive Science;;2021-06-17 12:13:13.619437+00:00;2021-06-17 12:57:59.274613+00:00;4;2;;{'studytool_used': 'no', 'consulting_form': ' bezüglich der Studienordnung und beruflichen Perspektiven', 'computer_handling': 'Ich fühle mich im Umgang mit Computern sicher und finde mich in neuen Programmen intuitiv und schnell zurecht.', 'consulting_requested': 'yes'};1536x864;Win32;de;;False;pilot_study
85;23.0;male;6.0;Cognitive Science;;2021-06-17 12:44:54.831697+00:00;2021-06-17 13:42:52.626211+00:00;2;2;;{'studytool_used': 'no', 'consulting_form': '', 'computer_handling': 'Ich fühle mich im Umgang mit Computern sicher und finde mich in neuen Programmen intuitiv und schnell zurecht.', 'consulting_requested': 'yes'};1920x1080;Win32;de;;False;pilot_study
88;24.0;male;12.0;Cognitive Science;;2021-06-17 18:46:34.610016+00:00;2021-06-17 21:24:27.708239+00:00;1;2;;{'studytool_used': 'no', 'computer_handling': 'Ich fühle mich im Umgang mit Computern sicher und finde mich in neuen Programmen intuitiv und schnell zurecht.', 'consulting_requested': 'no'};1536x864;Win32;en-US;;False;pilot_study
91;23.0;female;2.0;Cognitive Science;;2021-06-18 11:15:09.606997+00:00;2021-06-18 11:51:06.252039+00:00;4;2;;{'studytool_used': 'no', 'computer_handling': 'Ich fühle mich im Umgang mit Computern sicher und finde mich in neuen Programmen intuitiv und schnell zurecht.', 'consulting_requested': 'no'};1536x864;Win32;de;;False;pilot_study
93;19.0;female;2.0;Cognitive Science;;2021-06-18 12:17:40.988479+00:00;2021-06-18 12:50:48.737351+00:00;2;2;;{'studytool_used': 'no', 'consulting_form': 'im Berufs-Information-Zentrum', 'computer_handling': 'Ich fühle mich im Umgang mit Computern sicher und finde mich in neuen Programmen intuitiv und schnell zurecht.', 'consulting_requested': 'yes'};1440x900;MacIntel;de-de;;False;pilot_study
94;20.0;female;4.0;cognitive science ;;2021-06-19 11:36:39.643336+00:00;2021-06-19 12:37:49.178725+00:00;3;2;;{'studytool_used': 'no', 'computer_handling': 'Ich fühle mich im Umgang mit Computern sicher und finde mich in neuen Programmen intuitiv und schnell zurecht.', 'consulting_requested': 'no'};1280x720;Win32;de-DE;;False;pilot_study
96;27.0;male;8.0;Cogsci;;2021-06-19 14:54:02.722184+00:00;2021-06-19 15:29:18.640024+00:00;1;2;;{'studytool_name': 'spam', 'studytool_used': 'yes', 'consulting_form': 'beim Arbeitsamt', 'computer_handling': 'Ich fühle mich im Umgang mit Computern sicher und finde mich in neuen Programmen intuitiv und schnell zurecht.', 'consulting_requested': 'yes'};2560x1440;Win32;de;;False;pilot_study
98;25.0;female;12.0;Cognitive Science;;2021-06-19 18:21:52.579585+00:00;2021-06-19 18:49:46.115505+00:00;3;2;;{'studytool_used': 'no', 'computer_handling': 'Ich fühle mich im Umgang mit Computern sicher, aber finde mich in neuen Programmen nicht intuitiv zurecht.', 'consulting_requested': 'no'};1920x1080;Win32;de-DE;;False;pilot_study
100;23.0;female;6.0;Cognitive Science;;2021-06-21 08:50:32.264116+00:00;2021-06-21 09:12:25.556783+00:00;1;2;;{'studytool_used': 'no', 'computer_handling': 'Ich fühle mich im Umgang mit Computern sicher und finde mich in neuen Programmen intuitiv und schnell zurecht.', 'consulting_requested': 'no'};1280x800;MacIntel;de-DE;;False;pilot_study
101;22.0;male;6.0;Cognitive Science;;2021-06-21 09:42:10.867641+00:00;2021-06-21 10:48:04.465006+00:00;2;2;;{'studytool_used': 'no', 'computer_handling': 'Ich fühle mich im Umgang mit Computern sicher und finde mich in neuen Programmen intuitiv und schnell zurecht.', 'consulting_requested': 'no'};1280x720;Win32;en-US;;False;pilot_study
103;23.0;male;2.0;Cognitive Science;;2021-06-21 14:00:06.709965+00:00;2021-06-21 14:43:12.664760+00:00;4;2;;{'studytool_used': 'no', 'computer_handling': 'Ich fühle mich im Umgang mit Computern sicher und finde mich in neuen Programmen intuitiv und schnell zurecht.', 'consulting_requested': 'no'};1368x912;Win32;en;;False;pilot_study
104;30.0;female;2.0;Cognitive Science;;2021-06-21 14:06:06.277387+00:00;2021-06-21 15:11:51.742498+00:00;1;2;;{'studytool_used': 'no', 'consulting_form': 'persönliche Studienberatung', 'computer_handling': 'Ich fühle mich im Umgang mit Computern sicher, aber finde mich in neuen Programmen nicht intuitiv zurecht.', 'consulting_requested': 'yes'};1920x1080;Win32;de-DE;;False;pilot_study
106;21.0;female;2.0;Cognitive Science;;2021-06-21 18:25:59.918107+00:00;2021-06-21 18:55:51.109362+00:00;3;2;;{'studytool_used': 'no', 'computer_handling': 'Ich fühle mich im Umgang mit Computern sicher, aber finde mich in neuen Programmen nicht intuitiv zurecht.', 'consulting_requested': 'no'};1600x900;Win32;de-DE;;False;pilot_study
107;19.0;female;2.0;Psychologie;;2021-06-21 20:30:32.713850+00:00;2021-06-21 21:26:17.906803+00:00;4;2;;{'studytool_used': 'no', 'computer_handling': 'Ich fühle mich im Umgang mit Computern sicher, aber finde mich in neuen Programmen nicht intuitiv zurecht.', 'consulting_requested': 'no'};1280x720;Win32;de;;False;pilot_study
109;22.0;female;6.0;Cognitive Science;;2021-06-22 12:10:05.111231+00:00;2021-06-22 12:39:07.274367+00:00;2;2;;{'studytool_used': 'no', 'computer_handling': 'Ich fühle mich im Umgang mit Computern sicher und finde mich in neuen Programmen intuitiv und schnell zurecht.', 'consulting_requested': 'no'};1440x900;MacIntel;de;;False;pilot_study
112;20.0;female;2.0;psychologie;;2021-06-22 17:00:25.282166+00:00;2021-06-22 17:18:11.492734+00:00;1;2;;{'studytool_used': 'no', 'computer_handling': 'Ich fühle mich im Umgang mit Computern unsicher und finde mich in neuen Programmen nicht intuitiv zurecht.', 'consulting_requested': 'no'};1366x768;Win32;de-DE;;False;pilot_study
114;20.0;female;2.0;Psychologie;;2021-06-23 09:07:45.921611+00:00;2021-06-23 09:46:10.705710+00:00;3;2;;{'studytool_used': 'no', 'consulting_form': 'Gespräch bei der Arbeitsagentur ', 'computer_handling': 'Ich fühle mich im Umgang mit Computern sicher und finde mich in neuen Programmen intuitiv und schnell zurecht.', 'consulting_requested': 'yes'};834x1194;MacIntel;en-gb;;False;pilot_study
116;23.0;female;1.0;Psychologie;;2021-06-23 14:51:08.058120+00:00;2021-06-23 15:25:15.640099+00:00;1;2;;{'studytool_used': 'no', 'computer_handling': 'Ich fühle mich im Umgang mit Computern sicher und finde mich in neuen Programmen intuitiv und schnell zurecht.', 'consulting_requested': 'no'};1280x720;Win32;de;;False;pilot_study
119;23.0;male;6.0;Cognitive Science;;2021-06-25 10:40:36.554452+00:00;2021-06-25 11:04:33.543959+00:00;4;2;;{'studytool_used': 'no', 'computer_handling': 'Ich fühle mich im Umgang mit Computern sicher und finde mich in neuen Programmen intuitiv und schnell zurecht.', 'consulting_requested': 'no'};2560x1440;Win32;de-DE;;False;pilot_study
124;19.0;female;2.0;Cognitive Science;;2021-06-28 07:34:46.367598+00:00;2021-06-28 08:13:38.468661+00:00;1;2;;{'studytool_used': 'no', 'computer_handling': 'Ich fühle mich im Umgang mit Computern sicher, aber finde mich in neuen Programmen nicht intuitiv zurecht.', 'consulting_requested': 'no'};1280x720;Win32;de;;False;pilot_study
128;19.0;female;2.0;Cognitive Science;;2021-06-28 11:31:51.193990+00:00;2021-06-28 12:44:15.433341+00:00;1;2;;{'studytool_used': 'no', 'computer_handling': 'Ich fühle mich im Umgang mit Computern sicher und finde mich in neuen Programmen intuitiv und schnell zurecht.', 'consulting_requested': 'no'};1536x864;Win32;de-DE;;False;pilot_study
130;19.0;female;2.0;Cognitive Science;;2021-06-28 13:07:52.117284+00:00;2021-06-28 13:53:22.366957+00:00;3;2;;{'studytool_used': 'no', 'computer_handling': 'Ich fühle mich im Umgang mit Computern sicher und finde mich in neuen Programmen intuitiv und schnell zurecht.', 'consulting_requested': 'no'};1440x810;Linux x86_64;en-GB;;False;pilot_study
135;31.0;female;14.0;Cognitive Science;;2021-06-29 07:00:34.932311+00:00;2021-06-29 08:02:19.398622+00:00;4;2;;{'studytool_used': 'no', 'computer_handling': 'Ich fühle mich im Umgang mit Computern sicher und finde mich in neuen Programmen intuitiv und schnell zurecht.', 'consulting_requested': 'no'};1920x1080;Win32;de;;False;pilot_study
139;21.0;female;2.0;Cognitive science;;2021-06-29 08:00:00.937264+00:00;2021-06-29 08:40:10.268219+00:00;4;2;;{'studytool_used': 'no', 'computer_handling': 'Ich fühle mich im Umgang mit Computern sicher, aber finde mich in neuen Programmen nicht intuitiv zurecht.', 'consulting_requested': 'no'};1536x864;Win32;de-DE;;False;pilot_study
140;30.0;male;8.0;Cognitive Science;;2021-06-29 09:22:30.051872+00:00;2021-06-29 13:37:25.094077+00:00;3;2;;{'studytool_used': 'no', 'computer_handling': 'Ich fühle mich im Umgang mit Computern sicher und finde mich in neuen Programmen intuitiv und schnell zurecht.', 'consulting_requested': 'no'};1366x768;Win32;de-DE;;False;pilot_study
142;23.0;male;8.0;Cognitive Science;;2021-06-29 12:13:08.053115+00:00;2021-06-29 12:56:20.517370+00:00;3;2;;{'studytool_used': 'no', 'computer_handling': 'Ich fühle mich im Umgang mit Computern sicher und finde mich in neuen Programmen intuitiv und schnell zurecht.', 'consulting_requested': 'no'};1536x864;Win32;de;;False;pilot_study
143;23.0;female;6.0;Psychologie;;2021-06-30 11:38:40.023882+00:00;2021-06-30 12:00:59.659482+00:00;4;2;;{'studytool_used': 'no', 'computer_handling': 'Ich fühle mich im Umgang mit Computern unsicher, aber finde mich in neuen Programmen intuitiv zurecht.', 'consulting_requested': 'no'};1440x900;MacIntel;en-gb;;False;pilot_study
144;24.0;female;2.0;Psychologie;;2021-06-30 11:44:57.072654+00:00;2021-06-30 14:31:40.779038+00:00;3;2;;{'studytool_used': 'no', 'computer_handling': 'Ich fühle mich im Umgang mit Computern sicher und finde mich in neuen Programmen intuitiv und schnell zurecht.', 'consulting_requested': 'no'};1280x720;Win32;de-DE;;False;pilot_study
150;24.0;female;11.0;International Business ;;2021-07-01 13:01:07.962860+00:00;2021-07-01 13:22:45.214687+00:00;3;3;;{'studytool_used': 'no', 'computer_handling': 'Ich fühle mich im Umgang mit Computern sicher und finde mich in neuen Programmen intuitiv und schnell zurecht.', 'consulting_requested': 'no'};1440x900;MacIntel;de-de;;False;big5_study
152;17.0;male;1.0;Politikwissenschaft;;2021-07-01 17:41:45.746284+00:00;2021-07-01 17:56:40.842773+00:00;1;3;;{'studytool_used': 'no', 'computer_handling': 'Ich fühle mich im Umgang mit Computern sicher und finde mich in neuen Programmen intuitiv und schnell zurecht.', 'consulting_requested': 'no'};1600x900;Win32;de;;False;big5_study
153;22.0;female;2.0;B.Sc. Life Science;;2021-07-01 19:18:01.201966+00:00;2021-07-01 19:39:18.697496+00:00;2;3;;{'studytool_used': 'no', 'computer_handling': 'Ich fühle mich im Umgang mit Computern unsicher, aber finde mich in neuen Programmen intuitiv zurecht.', 'consulting_requested': 'no'};810x1080;MacIntel;de-de;;False;big5_study
157;24.0;male;7.0;Maschinenbau Wirtschaft und Management;;2021-07-04 17:47:29.808768+00:00;2021-07-04 18:05:12.068970+00:00;2;3;;{'studytool_used': 'no', 'computer_handling': 'Ich fühle mich im Umgang mit Computern sicher und finde mich in neuen Programmen intuitiv und schnell zurecht.', 'consulting_requested': 'no'};1440x900;MacIntel;de-DE;;False;big5_study
158;58.0;male;10.0;keines;;2021-07-04 17:55:29.454931+00:00;2021-07-04 18:19:58.045504+00:00;3;3;;{'studytool_used': 'no', 'computer_handling': 'Ich fühle mich im Umgang mit Computern sicher und finde mich in neuen Programmen intuitiv und schnell zurecht.', 'consulting_requested': 'no'};1280x800;MacIntel;de;;False;big5_study
159;57.0;female;20.0;Architektur;;2021-07-04 17:56:22.747479+00:00;2021-07-04 18:25:17.734928+00:00;4;3;;{'studytool_used': 'no', 'computer_handling': 'Ich fühle mich im Umgang mit Computern unsicher und finde mich in neuen Programmen nicht intuitiv zurecht.', 'consulting_requested': 'no'};1366x768;Win32;de;;False;big5_study
162;20.0;female;4.0;Cognitive Science;;2021-07-05 14:57:34.527487+00:00;2021-07-05 15:06:59.925460+00:00;1;2;;{'studytool_used': 'no', 'computer_handling': 'Ich fühle mich im Umgang mit Computern sicher und finde mich in neuen Programmen intuitiv und schnell zurecht.', 'consulting_requested': 'no'};1440x900;MacIntel;de-de;;False;pilot_study
164;21.0;female;2.0;Psychologie;;2021-07-05 16:40:31.663589+00:00;2021-07-05 17:16:09.129159+00:00;1;2;;{'studytool_used': 'no', 'computer_handling': 'Ich fühle mich im Umgang mit Computern sicher und finde mich in neuen Programmen intuitiv und schnell zurecht.', 'consulting_requested': 'no'};1280x720;Win32;de-DE;;False;pilot_study
165;22.0;female;6.0;Cognitive Science;;2021-07-05 19:33:07.328777+00:00;2021-07-05 20:15:19.143252+00:00;3;2;;{'studytool_used': 'no', 'computer_handling': 'Ich fühle mich im Umgang mit Computern sicher, aber finde mich in neuen Programmen nicht intuitiv zurecht.', 'consulting_requested': 'no'};1920x1080;Win32;de;;False;pilot_study
168;22.0;male;8.0;Psychologie;;2021-07-06 17:09:35.978472+00:00;2021-07-06 17:53:19.140963+00:00;1;2;;{'studytool_used': 'no', 'computer_handling': 'Ich fühle mich im Umgang mit Computern sicher und finde mich in neuen Programmen intuitiv und schnell zurecht.', 'consulting_requested': 'no'};1280x720;Win32;de;;False;pilot_study
170;25.0;female;4.0;Psychologie;;2021-07-06 19:07:43.887081+00:00;2021-07-06 19:35:57.518437+00:00;1;2;;{'studytool_name': 'Todoist', 'studytool_used': 'yes', 'computer_handling': 'Ich fühle mich im Umgang mit Computern sicher und finde mich in neuen Programmen intuitiv und schnell zurecht.', 'consulting_requested': 'no'};1440x900;MacIntel;de;;False;pilot_study
171;24.0;female;7.0;Rechtswissenschaft ;;2021-07-06 21:43:42.859204+00:00;2021-07-06 22:08:55.256641+00:00;4;3;;{'studytool_used': 'no', 'computer_handling': 'Ich fühle mich im Umgang mit Computern sicher und finde mich in neuen Programmen intuitiv und schnell zurecht.', 'consulting_requested': 'no'};375x812;iPhone;de-de;;False;big5_study
172;22.0;female;6.0;Ev. Theologie/ Politik-Wirtschaft und DaF auf Gymnasiallehramt;;2021-07-07 07:08:36.798634+00:00;2021-07-07 07:30:26.701693+00:00;1;3;;{'studytool_used': 'no', 'consulting_form': 'im schulischen Kontext', 'computer_handling': 'Ich fühle mich im Umgang mit Computern unsicher und finde mich in neuen Programmen nicht intuitiv zurecht.', 'consulting_requested': 'yes'};1366x768;Win32;de-DE;;False;big5_study
176;21.0;male;4.0;Cognitive Science;;2021-07-07 12:33:52.899123+00:00;2021-07-07 13:19:34.849636+00:00;1;2;;{'studytool_name': 'stundenplan app', 'studytool_used': 'yes', 'consulting_form': 'arbeitsagentur studienberatung zur studienwahl', 'computer_handling': 'Ich fühle mich im Umgang mit Computern sicher und finde mich in neuen Programmen intuitiv und schnell zurecht.', 'consulting_requested': 'yes'};1280x720;Win32;en-GB;;False;pilot_study
177;28.0;male;10.0;Cognitive Science;;2021-07-07 12:42:11.634954+00:00;2021-07-07 13:18:58.838460+00:00;3;2;;{'studytool_used': 'no', 'computer_handling': 'Ich fühle mich im Umgang mit Computern sicher und finde mich in neuen Programmen intuitiv und schnell zurecht.', 'consulting_requested': 'no'};1440x900;MacIntel;en-us;;False;pilot_study
178;22.0;female;6.0;Pädagogik der Kindheit;;2021-07-07 17:11:35.565763+00:00;2021-07-07 17:37:14.663372+00:00;3;3;;{'studytool_used': 'no', 'computer_handling': 'Ich fühle mich im Umgang mit Computern sicher und finde mich in neuen Programmen intuitiv und schnell zurecht.', 'consulting_requested': 'no'};1536x864;Win32;de;;False;big5_study
180;22.0;male;6.0;Cognitive Science;;2021-07-07 23:25:14.778107+00:00;2021-07-08 00:05:59.437000+00:00;1;2;;{'studytool_used': 'no', 'computer_handling': 'Ich fühle mich im Umgang mit Computern sicher und finde mich in neuen Programmen intuitiv und schnell zurecht.', 'consulting_requested': 'no'};2560x1440;Win32;de-DE;;False;pilot_study
182;24.0;female;2.0;Psychologie;;2021-07-08 14:40:12.247075+00:00;2021-07-08 15:01:56.120030+00:00;1;2;;{'studytool_used': 'no', 'computer_handling': 'Ich fühle mich im Umgang mit Computern sicher, aber finde mich in neuen Programmen nicht intuitiv zurecht.', 'consulting_requested': 'no'};1536x864;Win32;de-DE;;False;pilot_study
213;22.0;male;8.0;Cognitive Science;;2021-07-17 18:54:09.188343+00:00;2021-07-17 20:24:42.463361+00:00;2;2;;{'studytool_name': 'SPAM', 'studytool_used': 'yes', 'computer_handling': 'Ich fühle mich im Umgang mit Computern sicher und finde mich in neuen Programmen intuitiv und schnell zurecht.', 'consulting_requested': 'no'};1680x1050;MacIntel;de-DE;;False;pilot_study
233;26.0;male;12.0;Cognitive Science;;2021-07-30 12:41:13.377319+00:00;2021-07-30 13:09:16.161304+00:00;2;3;;{'studytool_used': 'no', 'computer_handling': 'Ich fühle mich im Umgang mit Computern sicher und finde mich in neuen Programmen intuitiv und schnell zurecht.', 'consulting_requested': 'no'};1920x1080;Linux x86_64;de-DE;;False;big5_study
234;22.0;male;6.0;Cognitive Science;;2021-07-30 13:12:28.653049+00:00;2021-07-30 13:49:04.186144+00:00;3;3;;{'studytool_used': 'no', 'computer_handling': 'Ich fühle mich im Umgang mit Computern sicher und finde mich in neuen Programmen intuitiv und schnell zurecht.', 'consulting_requested': 'no'};1280x720;Linux x86_64;en-US;;False;big5_study
237;22.0;female;6.0;Cognitive Science;;2021-07-31 09:48:16.958257+00:00;2021-07-31 10:00:47.943752+00:00;2;3;;{'studytool_used': 'no', 'computer_handling': 'Ich fühle mich im Umgang mit Computern sicher, aber finde mich in neuen Programmen nicht intuitiv zurecht.', 'consulting_requested': 'no'};1366x768;Win32;de-DE;;False;big5_study
238;23.0;female;8.0;Cognitive Science;;2021-07-31 12:15:20.405391+00:00;2021-07-31 13:35:13.660882+00:00;3;3;;{'studytool_used': 'no', 'computer_handling': 'Ich fühle mich im Umgang mit Computern sicher und finde mich in neuen Programmen intuitiv und schnell zurecht.', 'consulting_requested': 'no'};1920x1080;Linux x86_64;en-US;;False;big5_study
239;25.0;male;7.0;Cognitive Science;;2021-07-31 20:53:42.560372+00:00;2021-07-31 21:10:54.078997+00:00;4;3;;{'studytool_used': 'no', 'computer_handling': 'Ich fühle mich im Umgang mit Computern sicher und finde mich in neuen Programmen intuitiv und schnell zurecht.', 'consulting_requested': 'no'};2560x1440;Win32;de-DE;;False;big5_study
247;27.0;male;4.0;Cognitive Science;;2021-08-02 19:05:48.499226+00:00;2021-08-02 19:23:39.326967+00:00;4;3;;{'studytool_used': 'no', 'computer_handling': 'Ich fühle mich im Umgang mit Computern sicher und finde mich in neuen Programmen intuitiv und schnell zurecht.', 'consulting_requested': 'no'};1600x900;Win32;de-DE;;False;big5_study
251;24.0;female;11.0;International Business ;;2021-08-03 17:29:04.669454+00:00;2021-08-03 17:42:32.005789+00:00;4;3;;{'studytool_used': 'no', 'computer_handling': 'Ich fühle mich im Umgang mit Computern sicher und finde mich in neuen Programmen intuitiv und schnell zurecht.', 'consulting_requested': 'no'};1440x900;MacIntel;de-de;;False;big5_study
253;22.0;male;10.0;Psychologie;;2021-08-05 10:17:27.671884+00:00;2021-08-05 10:30:08.660959+00:00;2;3;;{'studytool_used': 'no', 'computer_handling': 'Ich fühle mich im Umgang mit Computern sicher und finde mich in neuen Programmen intuitiv und schnell zurecht.', 'consulting_requested': 'no'};1536x864;Win32;de;;False;big5_study
256;23.0;female;2.0;Psychologie;;2021-08-06 07:18:55.118734+00:00;2021-08-06 07:54:29.458212+00:00;1;3;;{'studytool_used': 'no', 'computer_handling': 'Ich fühle mich im Umgang mit Computern sicher, aber finde mich in neuen Programmen nicht intuitiv zurecht.', 'consulting_requested': 'no'};1280x720;Win32;de;;False;big5_study
263;39.0;female;8.0;Psychologie;;2021-08-06 17:36:05.093445+00:00;2021-08-06 18:16:30.990452+00:00;4;3;15.0;{'studytool_used': 'no', 'computer_handling': 'Ich fühle mich im Umgang mit Computern sicher, aber finde mich in neuen Programmen nicht intuitiv zurecht.', 'consulting_requested': 'no'};1366x768;Win32;de;;False;big5_study
276;20.0;female;5.0;Psychologie;;2021-08-08 10:36:05.021255+00:00;2021-08-08 10:58:29.048304+00:00;1;3;15.0;{'studytool_used': 'no', 'computer_handling': 'Ich fühle mich im Umgang mit Computern sicher und finde mich in neuen Programmen intuitiv und schnell zurecht.', 'consulting_requested': 'no'};1536x864;Win32;de;;False;big5_study
281;21.0;female;2.0;Lehramt;;2021-08-08 14:03:35.587946+00:00;2021-08-08 14:16:19.075105+00:00;2;3;15.0;{'studytool_used': 'no', 'computer_handling': 'Ich fühle mich im Umgang mit Computern sicher, aber finde mich in neuen Programmen nicht intuitiv zurecht.', 'consulting_requested': 'no'};1280x720;Win32;de;;False;big5_study
283;21.0;female;2.0;Anglistik und katholische Theologie;;2021-08-08 14:22:28.459839+00:00;2021-08-08 14:31:49.598030+00:00;4;3;15.0;{'studytool_used': 'no', 'computer_handling': 'Ich fühle mich im Umgang mit Computern sicher, aber finde mich in neuen Programmen nicht intuitiv zurecht.', 'consulting_requested': 'no'};414x896;iPhone;de-de;;False;big5_study
286;19.0;female;3.0;Cognitive Science;;2021-08-08 14:42:10.742472+00:00;2021-08-08 15:03:22.056190+00:00;3;3;15.0;{'studytool_name': 'Notizbuch', 'studytool_used': 'yes', 'computer_handling': 'Ich fühle mich im Umgang mit Computern sicher und finde mich in neuen Programmen intuitiv und schnell zurecht.', 'consulting_requested': 'no'};1440x900;MacIntel;en-GB;;False;big5_study
300;22.0;female;3.0;Psychologie ;;2021-08-09 15:21:39.760186+00:00;2021-08-09 17:21:46.460137+00:00;1;3;15.0;{'studytool_used': 'no', 'computer_handling': 'Ich fühle mich im Umgang mit Computern sicher, aber finde mich in neuen Programmen nicht intuitiv zurecht.', 'consulting_requested': 'no'};1536x864;Win32;de;;False;big5_study
307;24.0;male;8.0;Cogntive Science;;2021-08-10 09:26:17.399118+00:00;2021-08-10 09:40:30.554879+00:00;4;3;15.0;{'studytool_used': 'no', 'computer_handling': 'Ich fühle mich im Umgang mit Computern sicher und finde mich in neuen Programmen intuitiv und schnell zurecht.', 'consulting_requested': 'no'};3440x1440;Win32;en-US;;False;big5_study
309;21.0;male;6.0;Psychologie;;2021-08-10 10:42:46.574112+00:00;2021-08-10 10:58:36.443672+00:00;2;3;15.0;{'studytool_name': 'Stud.ip', 'studytool_used': 'yes', 'computer_handling': 'Ich fühle mich im Umgang mit Computern sicher und finde mich in neuen Programmen intuitiv und schnell zurecht.', 'consulting_requested': 'no'};1440x900;MacIntel;de-DE;;False;big5_study
323;26.0;male;4.0;cognitive science;;2021-08-11 10:39:12.357279+00:00;2021-08-11 10:53:12.679133+00:00;4;3;15.0;{'studytool_used': 'no', 'computer_handling': 'Ich fühle mich im Umgang mit Computern sicher und finde mich in neuen Programmen intuitiv und schnell zurecht.', 'consulting_requested': 'no'};2048x1152;Win32;de-DE;;False;big5_study
330;21.0;female;4.0;Cognitive Science;;2021-08-12 07:20:50.690865+00:00;2021-08-12 07:30:24.695276+00:00;3;3;15.0;{'studytool_used': 'no', 'consulting_form': 'mentoren', 'computer_handling': 'Ich fühle mich im Umgang mit Computern sicher, aber finde mich in neuen Programmen nicht intuitiv zurecht.', 'consulting_requested': 'yes'};1368x912;Win32;de;;False;big5_study
339;23.0;male;6.0;Cognitive Science;;2021-08-13 14:39:38.848486+00:00;2021-08-13 14:59:12.588858+00:00;4;3;15.0;{'studytool_name': 'Excel', 'studytool_used': 'yes', 'consulting_form': 'Cognitive Science Mentoring Team', 'computer_handling': 'Ich fühle mich im Umgang mit Computern sicher und finde mich in neuen Programmen intuitiv und schnell zurecht.', 'consulting_requested': 'yes'};1920x1080;Linux x86_64;en-US;;False;big5_study
345;26.0;female;12.0;;;2021-08-16 07:08:54.063196+00:00;2021-08-16 07:31:19.921511+00:00;2;3;15.0;{'studytool_used': 'no', 'computer_handling': 'Ich fühle mich im Umgang mit Computern sicher und finde mich in neuen Programmen intuitiv und schnell zurecht.'};360x740;Linux armv8l;de-DE;;False;big5_study
357;19.0;female;2.0;Cognitive Science;;2021-08-16 09:44:40.514970+00:00;2021-08-16 10:02:44.503305+00:00;2;3;15.0;{'studytool_used': 'no', 'computer_handling': 'Ich fühle mich im Umgang mit Computern sicher und finde mich in neuen Programmen intuitiv und schnell zurecht.', 'consulting_requested': 'no'};1280x720;Win32;de;;False;big5_study
362;22.0;female;4.0;Betriebswirtschaftslehre;;2021-08-16 19:05:38.283852+00:00;2021-08-16 19:29:01.950050+00:00;3;3;15.0;{'studytool_used': 'no', 'computer_handling': 'Ich fühle mich im Umgang mit Computern sicher, aber finde mich in neuen Programmen nicht intuitiv zurecht.', 'consulting_requested': 'no'};1366x768;Win32;de;;False;big5_study
364;23.0;female;6.0;Cognitive Science;;2021-08-17 07:21:41.902551+00:00;2021-08-17 07:37:50.493166+00:00;1;3;15.0;{'studytool_used': 'no', 'computer_handling': 'Ich fühle mich im Umgang mit Computern sicher und finde mich in neuen Programmen intuitiv und schnell zurecht.', 'consulting_requested': 'no'};1920x1200;Win32;de;;False;big5_study
371;21.0;female;5.0;Psychologie;;2021-08-17 15:35:26.383040+00:00;2021-08-17 15:48:10.462756+00:00;4;3;15.0;{'studytool_used': 'no', 'computer_handling': 'Ich fühle mich im Umgang mit Computern sicher und finde mich in neuen Programmen intuitiv und schnell zurecht.', 'consulting_requested': 'no'};1536x864;Win32;de-DE;;False;big5_study
374;24.0;male;9.0;Maschinenbau;;2021-08-17 19:03:16.264828+00:00;2021-08-17 19:16:21.564985+00:00;3;3;15.0;{'studytool_used': 'no', 'computer_handling': 'Ich fühle mich im Umgang mit Computern sicher und finde mich in neuen Programmen intuitiv und schnell zurecht.', 'consulting_requested': 'no'};393x851;Linux armv8l;de;;False;big5_study
377;23.0;female;9.0;Psychologie;;2021-08-18 08:03:36.590257+00:00;2021-08-18 08:11:08.392303+00:00;2;3;15.0;{'studytool_used': 'no', 'computer_handling': 'Ich fühle mich im Umgang mit Computern sicher und finde mich in neuen Programmen intuitiv und schnell zurecht.', 'consulting_requested': 'no'};1440x900;MacIntel;de-de;;False;big5_study
388;24.0;female;2.0;Psychologie;;2021-08-19 13:26:25.493540+00:00;2021-08-19 13:39:11.769642+00:00;1;3;15.0;{'studytool_used': 'no', 'computer_handling': 'Ich fühle mich im Umgang mit Computern sicher und finde mich in neuen Programmen intuitiv und schnell zurecht.', 'consulting_requested': 'no'};1280x720;Win32;de-DE;;False;big5_study
391;24.0;male;2.0;Maschinenbau;;2021-08-19 15:07:54.013583+00:00;2021-08-19 15:26:14.916254+00:00;4;3;15.0;{'studytool_name': 'Excel/Word', 'studytool_used': 'yes', 'computer_handling': 'Ich fühle mich im Umgang mit Computern sicher und finde mich in neuen Programmen intuitiv und schnell zurecht.', 'consulting_requested': 'no'};1920x1080;Win32;de;;False;big5_study
393;23.0;female;4.0;Cognitive Science;;2021-08-19 17:08:09.362946+00:00;2021-08-19 17:38:28.887481+00:00;2;3;15.0;{'studytool_used': 'no', 'computer_handling': 'Ich fühle mich im Umgang mit Computern unsicher, aber finde mich in neuen Programmen intuitiv zurecht.', 'consulting_requested': 'no'};1280x800;MacIntel;de-de;;False;big5_study
407;24.0;male;5.0;Politik;;2021-08-23 08:46:48.394649+00:00;2021-08-23 09:15:05.737180+00:00;4;3;15.0;{'studytool_used': 'no', 'computer_handling': 'Ich fühle mich im Umgang mit Computern sicher und finde mich in neuen Programmen intuitiv und schnell zurecht.', 'consulting_requested': 'no'};1600x900;Win32;de;;False;big5_study
411;24.0;female;2.0;Cognitive Science;;2021-08-23 10:54:59.177223+00:00;2021-08-23 11:14:41.942848+00:00;4;3;15.0;{'studytool_used': 'no', 'computer_handling': 'Ich fühle mich im Umgang mit Computern sicher und finde mich in neuen Programmen intuitiv und schnell zurecht.', 'consulting_requested': 'no'};1500x1000;Win32;de-DE;;False;big5_study
415;20.0;male;2.0;Cognitive Science;;2021-08-23 12:25:24.281891+00:00;2021-08-23 12:45:41.487198+00:00;4;3;15.0;{'studytool_used': 'no', 'computer_handling': 'Ich fühle mich im Umgang mit Computern sicher und finde mich in neuen Programmen intuitiv und schnell zurecht.'};1920x1080;Win32;de;;False;big5_study
421;20.0;female;2.0;Cognitive Science;;2021-08-23 15:08:44.319209+00:00;2021-08-23 15:23:23.888752+00:00;2;3;15.0;{'studytool_used': 'no', 'computer_handling': 'Ich fühle mich im Umgang mit Computern unsicher, aber finde mich in neuen Programmen intuitiv zurecht.', 'consulting_requested': 'no'};1368x912;Win32;de-DE;;False;big5_study
431;23.0;male;8.0;Psychologie;;2021-08-25 16:51:56.480857+00:00;2021-08-25 17:03:29.492687+00:00;4;3;15.0;{'studytool_used': 'no', 'computer_handling': 'Ich fühle mich im Umgang mit Computern sicher und finde mich in neuen Programmen intuitiv und schnell zurecht.', 'consulting_requested': 'no'};1920x1080;Win32;de;;False;big5_study
433;25.0;male;12.0;Cognitive Science;;2021-08-25 17:05:26.426096+00:00;2021-08-25 17:33:20.959111+00:00;2;3;15.0;{'studytool_used': 'no', 'computer_handling': 'Ich fühle mich im Umgang mit Computern sicher und finde mich in neuen Programmen intuitiv und schnell zurecht.', 'consulting_requested': 'no'};1920x1080;Win32;de;;False;big5_study
450;22.0;female;5.0;Cognitive Science;;2021-08-31 11:16:45.067489+00:00;2021-08-31 11:31:08.160744+00:00;3;3;15.0;{'studytool_used': 'no', 'consulting_form': 'private Studienberatung', 'computer_handling': 'Ich fühle mich im Umgang mit Computern sicher, aber finde mich in neuen Programmen nicht intuitiv zurecht.', 'consulting_requested': 'yes'};1500x1000;Win32;de-DE;;False;big5_study
453;22.0;female;2.0;Psychologie;;2021-08-31 14:02:18.230329+00:00;2021-08-31 14:19:55.670056+00:00;2;3;15.0;{'studytool_used': 'no', 'computer_handling': 'Ich fühle mich im Umgang mit Computern sicher, aber finde mich in neuen Programmen nicht intuitiv zurecht.', 'consulting_requested': 'no'};1280x720;Win32;de;;False;big5_study
460;;female;;;;2021-08-31 20:29:07.192586+00:00;2021-08-31 20:45:17.511136+00:00;1;3;15.0;{};1366x768;Win32;de;;False;big5_study
477;58.0;male;4.0;Cogsci;;2021-09-04 18:29:07.549420+00:00;2021-09-04 18:53:39.914638+00:00;2;3;15.0;{'studytool_used': 'no', 'computer_handling': 'Ich fühle mich im Umgang mit Computern sicher und finde mich in neuen Programmen intuitiv und schnell zurecht.', 'consulting_requested': 'no'};1366x768;Linux x86_64;de;;False;big5_study
484;19.0;female;3.0;Cognitive Science ;;2021-09-07 17:46:25.008381+00:00;2021-09-07 18:15:34.531730+00:00;1;3;15.0;{'studytool_used': 'no', 'computer_handling': 'Ich fühle mich im Umgang mit Computern sicher, aber finde mich in neuen Programmen nicht intuitiv zurecht.', 'consulting_requested': 'no'};1205x753;Linux armv8l;de-DE;;False;big5_study
521;27.0;male;;Cognitive Science;;2021-09-15 10:07:29.342852+00:00;2021-09-15 11:06:31.372257+00:00;2;3;15.0;{'studytool_used': 'no', 'computer_handling': 'Ich fühle mich im Umgang mit Computern sicher und finde mich in neuen Programmen intuitiv und schnell zurecht.', 'consulting_requested': 'no'};1920x1080;Win32;de-DE;;False;big5_study
529;30.0;male;10.0;Psychologie;;2021-09-20 10:17:11.933057+00:00;2021-09-20 10:36:49.267661+00:00;2;3;15.0;{'studytool_used': 'no', 'computer_handling': 'Ich fühle mich im Umgang mit Computern sicher und finde mich in neuen Programmen intuitiv und schnell zurecht.', 'consulting_requested': 'no'};1920x1080;MacIntel;de-DE;;False;big5_study
536;20.0;female;3.0;Cognitive Science;;2021-09-20 17:36:03.001182+00:00;2021-09-20 18:11:48.826808+00:00;1;3;15.0;{'studytool_used': 'no', 'consulting_form': 'Berufsberatungsstelle des Arbeitsamts', 'computer_handling': 'Ich fühle mich im Umgang mit Computern sicher, aber finde mich in neuen Programmen nicht intuitiv zurecht.', 'consulting_requested': 'yes'};1536x864;Win32;de-DE;;False;big5_study
542;19.0;female;3.0;Psychologie;;2021-09-20 17:55:47.433197+00:00;2021-09-20 18:15:11.076839+00:00;3;3;15.0;{'studytool_used': 'no', 'computer_handling': 'Ich fühle mich im Umgang mit Computern sicher, aber finde mich in neuen Programmen nicht intuitiv zurecht.', 'consulting_requested': 'no'};1536x864;Win32;de;;False;big5_study
